mean_fit_time,std_fit_time,mean_score_time,std_score_time,param_model__C,param_model__max_iter,param_model__penalty,param_model__solver,param_model__tol,param_vec__max_df,param_vec__max_features,param_vec__min_df,param_vec__ngram_range,params,split0_test_accuracy,split1_test_accuracy,split2_test_accuracy,split3_test_accuracy,split4_test_accuracy,mean_test_accuracy,std_test_accuracy,rank_test_accuracy,split0_test_recall_macro,split1_test_recall_macro,split2_test_recall_macro,split3_test_recall_macro,split4_test_recall_macro,mean_test_recall_macro,std_test_recall_macro,rank_test_recall_macro,split0_test_f1_macro,split1_test_f1_macro,split2_test_f1_macro,split3_test_f1_macro,split4_test_f1_macro,mean_test_f1_macro,std_test_f1_macro,rank_test_f1_macro
0.7430313110351563,0.09900470800911396,0.1032954216003418,0.04376172024444367,0.25,400,l2,lbfgs,0.001,0.9,20000,2,"(1, 1)","{'model__C': 0.25, 'model__max_iter': 400, 'model__penalty': 'l2', 'model__solver': 'lbfgs', 'model__tol': 0.001, 'vec__max_df': 0.9, 'vec__max_features': 20000, 'vec__min_df': 2, 'vec__ngram_range': (1, 1)}",0.6977971964318224,0.694520298561806,0.701802293828509,0.6893663510560816,0.6906409322651129,0.6948254144286664,0.0045806701258535145,1,0.6879153806673776,0.6861521390423123,0.692326873288765,0.679420697415556,0.67993424510134,0.6851498671030701,0.004902818174832194,7,0.6974463694495654,0.6941405847501306,0.7008596341787809,0.6878963377297335,0.688942715902004,0.6938571284020428,0.0049331645342796234,1
0.7171145915985108,0.14388444406581755,0.08836598396301269,0.013812891349814222,0.25,400,l2,lbfgs,0.001,0.9,50000,2,"(1, 1)","{'model__C': 0.25, 'model__max_iter': 400, 'model__penalty': 'l2', 'model__solver': 'lbfgs', 'model__tol': 0.001, 'vec__max_df': 0.9, 'vec__max_features': 50000, 'vec__min_df': 2, 'vec__ngram_range': (1, 1)}",0.6977971964318224,0.694520298561806,0.701802293828509,0.6893663510560816,0.6906409322651129,0.6948254144286664,0.0045806701258535145,1,0.6879153806673776,0.6861521390423123,0.692326873288765,0.679420697415556,0.67993424510134,0.6851498671030701,0.004902818174832194,7,0.6974463694495654,0.6941405847501306,0.7008596341787809,0.6878963377297335,0.688942715902004,0.6938571284020428,0.0049331645342796234,1
0.8155371665954589,0.17204783488093559,0.07790007591247558,0.01399434095698557,0.25,400,l2,lbfgs,0.001,0.95,50000,2,"(1, 1)","{'model__C': 0.25, 'model__max_iter': 400, 'model__penalty': 'l2', 'model__solver': 'lbfgs', 'model__tol': 0.001, 'vec__max_df': 0.95, 'vec__max_features': 50000, 'vec__min_df': 2, 'vec__ngram_range': (1, 1)}",0.6977971964318224,0.694520298561806,0.701802293828509,0.6893663510560816,0.6906409322651129,0.6948254144286664,0.0045806701258535145,1,0.6879153806673776,0.6861521390423123,0.692326873288765,0.679420697415556,0.67993424510134,0.6851498671030701,0.004902818174832194,7,0.6974463694495654,0.6941405847501306,0.7008596341787809,0.6878963377297335,0.688942715902004,0.6938571284020428,0.0049331645342796234,1
0.8345762729644776,0.23530515936893284,0.09014616012573243,0.013306321194829666,0.25,400,l2,lbfgs,0.001,0.95,20000,2,"(1, 1)","{'model__C': 0.25, 'model__max_iter': 400, 'model__penalty': 'l2', 'model__solver': 'lbfgs', 'model__tol': 0.001, 'vec__max_df': 0.95, 'vec__max_features': 20000, 'vec__min_df': 2, 'vec__ngram_range': (1, 1)}",0.6977971964318224,0.694520298561806,0.701802293828509,0.6893663510560816,0.6906409322651129,0.6948254144286664,0.0045806701258535145,1,0.6879153806673776,0.6861521390423123,0.692326873288765,0.679420697415556,0.67993424510134,0.6851498671030701,0.004902818174832194,7,0.6974463694495654,0.6941405847501306,0.7008596341787809,0.6878963377297335,0.688942715902004,0.6938571284020428,0.0049331645342796234,1
1.511265230178833,0.44725327664652714,0.12434430122375488,0.015301012270939518,0.25,400,l2,lbfgs,0.001,0.95,20000,5,"(1, 2)","{'model__C': 0.25, 'model__max_iter': 400, 'model__penalty': 'l2', 'model__solver': 'lbfgs', 'model__tol': 0.001, 'vec__max_df': 0.95, 'vec__max_features': 20000, 'vec__min_df': 5, 'vec__ngram_range': (1, 2)}",0.6994356453668306,0.6921536501001274,0.6972510467868196,0.6897305171158048,0.6913692643845594,0.6939880247508283,0.0037060245725201563,5,0.6901725490879153,0.6840678869580604,0.6878683016065429,0.6801695182157906,0.6810749349309759,0.684670638159857,0.0038483385207354844,17,0.6996574050167647,0.6921956109965984,0.696582236476981,0.6886719505504044,0.6904949773649816,0.693520436081146,0.004036171038753344,5
1.5358099460601806,0.4096008537442288,0.1378467082977295,0.03156938332342173,0.25,400,l2,lbfgs,0.001,0.95,50000,5,"(1, 2)","{'model__C': 0.25, 'model__max_iter': 400, 'model__penalty': 'l2', 'model__solver': 'lbfgs', 'model__tol': 0.001, 'vec__max_df': 0.95, 'vec__max_features': 50000, 'vec__min_df': 5, 'vec__ngram_range': (1, 2)}",0.6994356453668306,0.6921536501001274,0.6972510467868196,0.6897305171158048,0.6913692643845594,0.6939880247508283,0.0037060245725201563,5,0.6901725490879153,0.6840678869580604,0.6878683016065429,0.6801695182157906,0.6810749349309759,0.684670638159857,0.0038483385207354844,17,0.6996574050167647,0.6921956109965984,0.696582236476981,0.6886719505504044,0.6904949773649816,0.693520436081146,0.004036171038753344,5
1.3282686710357665,0.08202303476467473,0.12459383010864258,0.03734576373955693,0.25,400,l2,lbfgs,0.001,0.9,50000,5,"(1, 2)","{'model__C': 0.25, 'model__max_iter': 400, 'model__penalty': 'l2', 'model__solver': 'lbfgs', 'model__tol': 0.001, 'vec__max_df': 0.9, 'vec__max_features': 50000, 'vec__min_df': 5, 'vec__ngram_range': (1, 2)}",0.6994356453668306,0.6921536501001274,0.6972510467868196,0.6897305171158048,0.6913692643845594,0.6939880247508283,0.0037060245725201563,5,0.6901725490879153,0.6840678869580604,0.6878683016065429,0.6801695182157906,0.6810749349309759,0.684670638159857,0.0038483385207354844,17,0.6996574050167647,0.6921956109965984,0.696582236476981,0.6886719505504044,0.6904949773649816,0.693520436081146,0.004036171038753344,5
1.5727547645568847,0.4503515072385899,0.14838600158691406,0.02929009792085657,0.25,400,l2,lbfgs,0.001,0.9,20000,5,"(1, 2)","{'model__C': 0.25, 'model__max_iter': 400, 'model__penalty': 'l2', 'model__solver': 'lbfgs', 'model__tol': 0.001, 'vec__max_df': 0.9, 'vec__max_features': 20000, 'vec__min_df': 5, 'vec__ngram_range': (1, 2)}",0.6994356453668306,0.6921536501001274,0.6972510467868196,0.6897305171158048,0.6913692643845594,0.6939880247508283,0.0037060245725201563,5,0.6901725490879153,0.6840678869580604,0.6878683016065429,0.6801695182157906,0.6810749349309759,0.684670638159857,0.0038483385207354844,17,0.6996574050167647,0.6921956109965984,0.696582236476981,0.6886719505504044,0.6904949773649816,0.693520436081146,0.004036171038753344,5
2.1344987392425536,0.29308128511615755,0.24144315719604492,0.09341692038797318,0.5,400,l2,lbfgs,0.001,0.95,20000,2,"(1, 2)","{'model__C': 0.5, 'model__max_iter': 400, 'model__penalty': 'l2', 'model__solver': 'lbfgs', 'model__tol': 0.001, 'vec__max_df': 0.95, 'vec__max_features': 20000, 'vec__min_df': 2, 'vec__ngram_range': (1, 2)}",0.699253595485163,0.6885126524667758,0.6976151465501548,0.6911871813546977,0.6888201019664967,0.6930777355646576,0.0045004659086936,17,0.691446246772306,0.6818960619538653,0.6902744042984613,0.6830849041645957,0.6804398057611425,0.6854282845900742,0.0045288783302657384,1,0.7001104931458387,0.6890942275824599,0.6977374657738226,0.6910819483442535,0.688551211417467,0.6933150692527683,0.0047166100485150336,9
1.8975209712982177,0.23402176825409707,0.12290849685668945,0.025274398064431866,0.5,400,l2,lbfgs,0.001,0.9,20000,2,"(1, 2)","{'model__C': 0.5, 'model__max_iter': 400, 'model__penalty': 'l2', 'model__solver': 'lbfgs', 'model__tol': 0.001, 'vec__max_df': 0.9, 'vec__max_features': 20000, 'vec__min_df': 2, 'vec__ngram_range': (1, 2)}",0.699253595485163,0.6885126524667758,0.6976151465501548,0.6911871813546977,0.6888201019664967,0.6930777355646576,0.0045004659086936,17,0.691446246772306,0.6818960619538653,0.6902744042984613,0.6830849041645957,0.6804398057611425,0.6854282845900742,0.0045288783302657384,1,0.7001104931458387,0.6890942275824599,0.6977374657738226,0.6910819483442535,0.688551211417467,0.6933150692527683,0.0047166100485150336,9
1.705428695678711,0.249206924863659,0.13143587112426758,0.023825893841988424,0.25,400,l2,lbfgs,0.001,0.95,20000,2,"(1, 2)","{'model__C': 0.25, 'model__max_iter': 400, 'model__penalty': 'l2', 'model__solver': 'lbfgs', 'model__tol': 0.001, 'vec__max_df': 0.95, 'vec__max_features': 20000, 'vec__min_df': 2, 'vec__ngram_range': (1, 2)}",0.6967048971418168,0.6932459493901328,0.6988894957218278,0.6899126001456665,0.6897305171158048,0.6936966919030498,0.0036405376510368847,9,0.6869023567614604,0.6851319082532955,0.6897045363332889,0.6797263934796068,0.6794514632560906,0.6841833316167485,0.004025704227481916,23,0.6967122761633213,0.6933162303839121,0.6984258735680252,0.6887553980459952,0.6887847249882197,0.6931989006298948,0.003972618325857283,11
1.5904006004333495,0.21155606613585454,0.12550644874572753,0.020480659196352606,0.25,400,l2,lbfgs,0.001,0.9,20000,2,"(1, 2)","{'model__C': 0.25, 'model__max_iter': 400, 'model__penalty': 'l2', 'model__solver': 'lbfgs', 'model__tol': 0.001, 'vec__max_df': 0.9, 'vec__max_features': 20000, 'vec__min_df': 2, 'vec__ngram_range': (1, 2)}",0.6967048971418168,0.6932459493901328,0.6988894957218278,0.6899126001456665,0.6897305171158048,0.6936966919030498,0.0036405376510368847,9,0.6869023567614604,0.6851319082532955,0.6897045363332889,0.6797263934796068,0.6794514632560906,0.6841833316167485,0.004025704227481916,23,0.6967122761633213,0.6933162303839121,0.6984258735680252,0.6887553980459952,0.6887847249882197,0.6931989006298948,0.003972618325857283,11
2.093440055847168,0.36908839197412924,0.16365365982055663,0.016940445302578922,0.25,400,l2,lbfgs,0.001,0.9,50000,2,"(1, 2)","{'model__C': 0.25, 'model__max_iter': 400, 'model__penalty': 'l2', 'model__solver': 'lbfgs', 'model__tol': 0.001, 'vec__max_df': 0.9, 'vec__max_features': 50000, 'vec__min_df': 2, 'vec__ngram_range': (1, 2)}",0.6959766976151466,0.6939741489168032,0.6988894957218278,0.6897305171158048,0.6899126001456665,0.6936966919030498,0.003529603740174373,9,0.68616952363331,0.6859728457994354,0.6896844488867702,0.6794921946592898,0.6796457134503407,0.6841929452858293,0.004000147332781715,21,0.6959838661333496,0.6941557508452072,0.6983403541186589,0.6885756316686891,0.6889319572438333,0.6931975120019476,0.00386490753506901,13
2.0265364170074465,0.3646785493296037,0.12707672119140626,0.03458409407955638,0.25,400,l2,lbfgs,0.001,0.95,50000,2,"(1, 2)","{'model__C': 0.25, 'model__max_iter': 400, 'model__penalty': 'l2', 'model__solver': 'lbfgs', 'model__tol': 0.001, 'vec__max_df': 0.95, 'vec__max_features': 50000, 'vec__min_df': 2, 'vec__ngram_range': (1, 2)}",0.6959766976151466,0.6939741489168032,0.6988894957218278,0.6897305171158048,0.6899126001456665,0.6936966919030498,0.003529603740174373,9,0.68616952363331,0.6859728457994354,0.6896844488867702,0.6794921946592898,0.6796457134503407,0.6841929452858293,0.004000147332781715,21,0.6959838661333496,0.6941557508452072,0.6983403541186589,0.6885756316686891,0.6889319572438333,0.6931975120019476,0.00386490753506901,13
2.0438780307769777,0.4004145223158968,0.1415769100189209,0.036041235754244186,0.5,400,l2,lbfgs,0.001,0.9,50000,2,"(1, 2)","{'model__C': 0.5, 'model__max_iter': 400, 'model__penalty': 'l2', 'model__solver': 'lbfgs', 'model__tol': 0.001, 'vec__max_df': 0.9, 'vec__max_features': 50000, 'vec__min_df': 2, 'vec__ngram_range': (1, 2)}",0.6928818496267978,0.689787001638449,0.6976151465501548,0.6926438455935907,0.6904588492352512,0.6926773385288486,0.002745929230952001,23,0.6857474621720213,0.6829515395989384,0.69029449174498,0.6842661310527633,0.681751208486427,0.685002166611026,0.0029624219486881825,15,0.6941836393566206,0.69047998554143,0.6977413073596163,0.6924834167757913,0.6900499081741498,0.6929876514415216,0.002800021715997724,15
1.8246275901794433,0.22074550470702714,0.20021796226501465,0.11158447989240508,0.5,400,l2,lbfgs,0.001,0.95,50000,2,"(1, 2)","{'model__C': 0.5, 'model__max_iter': 400, 'model__penalty': 'l2', 'model__solver': 'lbfgs', 'model__tol': 0.001, 'vec__max_df': 0.95, 'vec__max_features': 50000, 'vec__min_df': 2, 'vec__ngram_range': (1, 2)}",0.6928818496267978,0.689787001638449,0.6976151465501548,0.6926438455935907,0.6904588492352512,0.6926773385288486,0.002745929230952001,23,0.6857474621720213,0.6829515395989384,0.69029449174498,0.6842661310527633,0.681751208486427,0.685002166611026,0.0029624219486881825,15,0.6941836393566206,0.69047998554143,0.6977413073596163,0.6924834167757913,0.6900499081741498,0.6929876514415216,0.002800021715997724,15
0.8680685997009278,0.13604548201440791,0.08989019393920898,0.014860793351344421,0.5,400,l2,lbfgs,0.001,0.95,20000,2,"(1, 1)","{'model__C': 0.5, 'model__max_iter': 400, 'model__penalty': 'l2', 'model__solver': 'lbfgs', 'model__tol': 0.001, 'vec__max_df': 0.95, 'vec__max_features': 20000, 'vec__min_df': 2, 'vec__ngram_range': (1, 1)}",0.6952484980884762,0.6917895503367922,0.6985253959584926,0.6895484340859432,0.6886380189366351,0.6927499794812678,0.0036790913904512995,19,0.687698535262221,0.6858422531832936,0.6903930628716641,0.6815854297859438,0.6802414041488593,0.6851521370503965,0.0037752988208786245,3,0.6963716762294184,0.692561226677474,0.6979579859350212,0.6892563891419593,0.6880409299287574,0.6928376415825261,0.0038630957561459674,17
0.9555879592895508,0.09407471781914985,0.09528460502624511,0.01708635663666851,0.5,400,l2,lbfgs,0.001,0.95,50000,2,"(1, 1)","{'model__C': 0.5, 'model__max_iter': 400, 'model__penalty': 'l2', 'model__solver': 'lbfgs', 'model__tol': 0.001, 'vec__max_df': 0.95, 'vec__max_features': 50000, 'vec__min_df': 2, 'vec__ngram_range': (1, 1)}",0.6952484980884762,0.6917895503367922,0.6985253959584926,0.6895484340859432,0.6886380189366351,0.6927499794812678,0.0036790913904512995,19,0.687698535262221,0.6858422531832936,0.6903930628716641,0.6815854297859438,0.6802414041488593,0.6851521370503965,0.0037752988208786245,3,0.6963716762294184,0.692561226677474,0.6979579859350212,0.6892563891419593,0.6880409299287574,0.6928376415825261,0.0038630957561459674,17
0.8378705024719239,0.10499433348239072,0.0967473030090332,0.02770799240145397,0.5,400,l2,lbfgs,0.001,0.9,50000,2,"(1, 1)","{'model__C': 0.5, 'model__max_iter': 400, 'model__penalty': 'l2', 'model__solver': 'lbfgs', 'model__tol': 0.001, 'vec__max_df': 0.9, 'vec__max_features': 50000, 'vec__min_df': 2, 'vec__ngram_range': (1, 1)}",0.6952484980884762,0.6917895503367922,0.6985253959584926,0.6895484340859432,0.6886380189366351,0.6927499794812678,0.0036790913904512995,19,0.687698535262221,0.6858422531832936,0.6903930628716641,0.6815854297859438,0.6802414041488593,0.6851521370503965,0.0037752988208786245,3,0.6963716762294184,0.692561226677474,0.6979579859350212,0.6892563891419593,0.6880409299287574,0.6928376415825261,0.0038630957561459674,17
0.8456786155700684,0.20415538398238714,0.08411264419555664,0.01595644218071623,0.5,400,l2,lbfgs,0.001,0.9,20000,2,"(1, 1)","{'model__C': 0.5, 'model__max_iter': 400, 'model__penalty': 'l2', 'model__solver': 'lbfgs', 'model__tol': 0.001, 'vec__max_df': 0.9, 'vec__max_features': 20000, 'vec__min_df': 2, 'vec__ngram_range': (1, 1)}",0.6952484980884762,0.6917895503367922,0.6985253959584926,0.6895484340859432,0.6886380189366351,0.6927499794812678,0.0036790913904512995,19,0.687698535262221,0.6858422531832936,0.6903930628716641,0.6815854297859438,0.6802414041488593,0.6851521370503965,0.0037752988208786245,3,0.6963716762294184,0.692561226677474,0.6979579859350212,0.6892563891419593,0.6880409299287574,0.6928376415825261,0.0038630957561459674,17
1.8747734546661377,0.7548590405713405,0.1346737861633301,0.028777179285529107,0.5,400,l2,lbfgs,0.001,0.95,50000,5,"(1, 2)","{'model__C': 0.5, 'model__max_iter': 400, 'model__penalty': 'l2', 'model__solver': 'lbfgs', 'model__tol': 0.001, 'vec__max_df': 0.95, 'vec__max_features': 50000, 'vec__min_df': 5, 'vec__ngram_range': (1, 2)}",0.6914254505734572,0.6930638995084654,0.6974330966684872,0.6869992716678806,0.692461762563729,0.6922766961964039,0.003341204369929563,25,0.6840094727779356,0.6869551106545325,0.6902236640222724,0.6802963200135436,0.6837548777137465,0.685047889036406,0.0033392734476342866,11,0.6926856251956705,0.6938448568490182,0.6972822323879693,0.6871964429867989,0.6919606243031623,0.6925939563445238,0.003258445869778813,21
1.4501110553741454,0.1182617966029083,0.1320650100708008,0.029600386944338884,0.5,400,l2,lbfgs,0.001,0.95,20000,5,"(1, 2)","{'model__C': 0.5, 'model__max_iter': 400, 'model__penalty': 'l2', 'model__solver': 'lbfgs', 'model__tol': 0.001, 'vec__max_df': 0.95, 'vec__max_features': 20000, 'vec__min_df': 5, 'vec__ngram_range': (1, 2)}",0.6914254505734572,0.6930638995084654,0.6974330966684872,0.6869992716678806,0.692461762563729,0.6922766961964039,0.003341204369929563,25,0.6840094727779356,0.6869551106545325,0.6902236640222724,0.6802963200135436,0.6837548777137465,0.685047889036406,0.0033392734476342866,11,0.6926856251956705,0.6938448568490182,0.6972822323879693,0.6871964429867989,0.6919606243031623,0.6925939563445238,0.003258445869778813,21
1.56709885597229,0.2236726847336479,0.11619853973388672,0.024757931686085047,0.5,400,l2,lbfgs,0.001,0.9,20000,5,"(1, 2)","{'model__C': 0.5, 'model__max_iter': 400, 'model__penalty': 'l2', 'model__solver': 'lbfgs', 'model__tol': 0.001, 'vec__max_df': 0.9, 'vec__max_features': 20000, 'vec__min_df': 5, 'vec__ngram_range': (1, 2)}",0.6914254505734572,0.6930638995084654,0.6974330966684872,0.6869992716678806,0.692461762563729,0.6922766961964039,0.003341204369929563,25,0.6840094727779356,0.6869551106545325,0.6902236640222724,0.6802963200135436,0.6837548777137465,0.685047889036406,0.0033392734476342866,11,0.6926856251956705,0.6938448568490182,0.6972822323879693,0.6871964429867989,0.6919606243031623,0.6925939563445238,0.003258445869778813,21
1.9246259689331056,0.4790110446239405,0.14973297119140624,0.043504909789550905,0.5,400,l2,lbfgs,0.001,0.9,50000,5,"(1, 2)","{'model__C': 0.5, 'model__max_iter': 400, 'model__penalty': 'l2', 'model__solver': 'lbfgs', 'model__tol': 0.001, 'vec__max_df': 0.9, 'vec__max_features': 50000, 'vec__min_df': 5, 'vec__ngram_range': (1, 2)}",0.6914254505734572,0.6930638995084654,0.6974330966684872,0.6869992716678806,0.692461762563729,0.6922766961964039,0.003341204369929563,25,0.6840094727779356,0.6869551106545325,0.6902236640222724,0.6802963200135436,0.6837548777137465,0.685047889036406,0.0033392734476342866,11,0.6926856251956705,0.6938448568490182,0.6972822323879693,0.6871964429867989,0.6919606243031623,0.6925939563445238,0.003258445869778813,21
0.6491432666778565,0.18393235765761415,0.07848210334777832,0.017643364828155778,0.25,400,l2,lbfgs,0.001,0.95,50000,5,"(1, 1)","{'model__C': 0.25, 'model__max_iter': 400, 'model__penalty': 'l2', 'model__solver': 'lbfgs', 'model__tol': 0.001, 'vec__max_df': 0.95, 'vec__max_features': 50000, 'vec__min_df': 5, 'vec__ngram_range': (1, 1)}",0.697068996905152,0.6928818496267978,0.6961587474968142,0.687727603787327,0.6917334304442826,0.6931141256520748,0.0033432205435485578,13,0.6864328183096565,0.6845781571215097,0.6859910372783307,0.6781334204213382,0.6811155691618417,0.6832502004585354,0.0031667901881761115,31,0.6962997333320793,0.6923502243301015,0.6950230682186316,0.6863717752706284,0.6899982604121365,0.6920086123127154,0.003561820023110854,25
0.5622855186462402,0.04681985318881305,0.12381129264831543,0.05015019881140035,0.25,400,l2,lbfgs,0.001,0.95,20000,5,"(1, 1)","{'model__C': 0.25, 'model__max_iter': 400, 'model__penalty': 'l2', 'model__solver': 'lbfgs', 'model__tol': 0.001, 'vec__max_df': 0.95, 'vec__max_features': 20000, 'vec__min_df': 5, 'vec__ngram_range': (1, 1)}",0.697068996905152,0.6928818496267978,0.6961587474968142,0.687727603787327,0.6917334304442826,0.6931141256520748,0.0033432205435485578,13,0.6864328183096565,0.6845781571215097,0.6859910372783307,0.6781334204213382,0.6811155691618417,0.6832502004585354,0.0031667901881761115,31,0.6962997333320793,0.6923502243301015,0.6950230682186316,0.6863717752706284,0.6899982604121365,0.6920086123127154,0.003561820023110854,25
0.6422101497650147,0.16002122693126292,0.08330368995666504,0.012908472701641416,0.25,400,l2,lbfgs,0.001,0.9,20000,5,"(1, 1)","{'model__C': 0.25, 'model__max_iter': 400, 'model__penalty': 'l2', 'model__solver': 'lbfgs', 'model__tol': 0.001, 'vec__max_df': 0.9, 'vec__max_features': 20000, 'vec__min_df': 5, 'vec__ngram_range': (1, 1)}",0.697068996905152,0.6928818496267978,0.6961587474968142,0.687727603787327,0.6917334304442826,0.6931141256520748,0.0033432205435485578,13,0.6864328183096565,0.6845781571215097,0.6859910372783307,0.6781334204213382,0.6811155691618417,0.6832502004585354,0.0031667901881761115,31,0.6962997333320793,0.6923502243301015,0.6950230682186316,0.6863717752706284,0.6899982604121365,0.6920086123127154,0.003561820023110854,25
0.6478504657745361,0.09417322932022448,0.0831883430480957,0.025576057463444248,0.25,400,l2,lbfgs,0.001,0.9,50000,5,"(1, 1)","{'model__C': 0.25, 'model__max_iter': 400, 'model__penalty': 'l2', 'model__solver': 'lbfgs', 'model__tol': 0.001, 'vec__max_df': 0.9, 'vec__max_features': 50000, 'vec__min_df': 5, 'vec__ngram_range': (1, 1)}",0.697068996905152,0.6928818496267978,0.6961587474968142,0.687727603787327,0.6917334304442826,0.6931141256520748,0.0033432205435485578,13,0.6864328183096565,0.6845781571215097,0.6859910372783307,0.6781334204213382,0.6811155691618417,0.6832502004585354,0.0031667901881761115,31,0.6962997333320793,0.6923502243301015,0.6950230682186316,0.6863717752706284,0.6899982604121365,0.6920086123127154,0.003561820023110854,25
0.7915319442749024,0.2281539582647091,0.08541131019592285,0.022403100681639778,0.5,400,l2,lbfgs,0.001,0.9,50000,5,"(1, 1)","{'model__C': 0.5, 'model__max_iter': 400, 'model__penalty': 'l2', 'model__solver': 'lbfgs', 'model__tol': 0.001, 'vec__max_df': 0.9, 'vec__max_features': 50000, 'vec__min_df': 5, 'vec__ngram_range': (1, 1)}",0.6932459493901328,0.690151101401784,0.697068996905152,0.6882738528769119,0.6895484340859432,0.6916576669319848,0.003161453263936609,29,0.6857468917664366,0.6838251404725394,0.6893792453656538,0.6806949560162927,0.6808440318723096,0.6840980530986464,0.0032512725480452046,25,0.6943036843469592,0.6905084197574755,0.6968606952763894,0.6878068801539078,0.688708182209492,0.6916375723488447,0.0034327738392797226,29
0.5728104114532471,0.04075042391691591,0.07363448143005372,0.011855067183808961,0.5,400,l2,lbfgs,0.001,0.9,20000,5,"(1, 1)","{'model__C': 0.5, 'model__max_iter': 400, 'model__penalty': 'l2', 'model__solver': 'lbfgs', 'model__tol': 0.001, 'vec__max_df': 0.9, 'vec__max_features': 20000, 'vec__min_df': 5, 'vec__ngram_range': (1, 1)}",0.6932459493901328,0.690151101401784,0.697068996905152,0.6882738528769119,0.6895484340859432,0.6916576669319848,0.003161453263936609,29,0.6857468917664366,0.6838251404725394,0.6893792453656538,0.6806949560162927,0.6808440318723096,0.6840980530986464,0.0032512725480452046,25,0.6943036843469592,0.6905084197574755,0.6968606952763894,0.6878068801539078,0.688708182209492,0.6916375723488447,0.0034327738392797226,29
0.7944622993469238,0.12750582579136754,0.08798098564147949,0.018480426684133723,0.5,400,l2,lbfgs,0.001,0.95,20000,5,"(1, 1)","{'model__C': 0.5, 'model__max_iter': 400, 'model__penalty': 'l2', 'model__solver': 'lbfgs', 'model__tol': 0.001, 'vec__max_df': 0.95, 'vec__max_features': 20000, 'vec__min_df': 5, 'vec__ngram_range': (1, 1)}",0.6932459493901328,0.690151101401784,0.697068996905152,0.6882738528769119,0.6895484340859432,0.6916576669319848,0.003161453263936609,29,0.6857468917664366,0.6838251404725394,0.6893792453656538,0.6806949560162927,0.6808440318723096,0.6840980530986464,0.0032512725480452046,25,0.6943036843469592,0.6905084197574755,0.6968606952763894,0.6878068801539078,0.688708182209492,0.6916375723488447,0.0034327738392797226,29
0.8021732807159424,0.10935859178766304,0.09295592308044434,0.01718098732193681,0.5,400,l2,lbfgs,0.001,0.95,50000,5,"(1, 1)","{'model__C': 0.5, 'model__max_iter': 400, 'model__penalty': 'l2', 'model__solver': 'lbfgs', 'model__tol': 0.001, 'vec__max_df': 0.95, 'vec__max_features': 50000, 'vec__min_df': 5, 'vec__ngram_range': (1, 1)}",0.6932459493901328,0.690151101401784,0.697068996905152,0.6882738528769119,0.6895484340859432,0.6916576669319848,0.003161453263936609,29,0.6857468917664366,0.6838251404725394,0.6893792453656538,0.6806949560162927,0.6808440318723096,0.6840980530986464,0.0032512725480452046,25,0.6943036843469592,0.6905084197574755,0.6968606952763894,0.6878068801539078,0.688708182209492,0.6916375723488447,0.0034327738392797226,29
2.2977194786071777,0.7250250305365565,0.16161699295043946,0.04783735119201918,1.0,400,l2,lbfgs,0.001,0.9,50000,2,"(1, 2)","{'model__C': 1, 'model__max_iter': 400, 'model__penalty': 'l2', 'model__solver': 'lbfgs', 'model__tol': 0.001, 'vec__max_df': 0.9, 'vec__max_features': 50000, 'vec__min_df': 2, 'vec__ngram_range': (1, 2)}",0.6896049517567814,0.6835973056617514,0.698343346076825,0.6873634377276038,0.687727603787327,0.6893273290020577,0.004911512912889736,33,0.6834876528433241,0.6786820390866635,0.6931404795041977,0.6805325459567104,0.6808286948389776,0.6833342824459747,0.005137238326364697,29,0.6909662135729896,0.6845906852956265,0.6990524369958271,0.6877252779124051,0.6878634569981674,0.6900396141550031,0.0049370477002169694,33
2.2155581951141357,0.44168826265763617,0.137076473236084,0.02181256596291692,1.0,400,l2,lbfgs,0.001,0.95,50000,2,"(1, 2)","{'model__C': 1, 'model__max_iter': 400, 'model__penalty': 'l2', 'model__solver': 'lbfgs', 'model__tol': 0.001, 'vec__max_df': 0.95, 'vec__max_features': 50000, 'vec__min_df': 2, 'vec__ngram_range': (1, 2)}",0.6896049517567814,0.6835973056617514,0.698343346076825,0.6873634377276038,0.687727603787327,0.6893273290020577,0.004911512912889736,33,0.6834876528433241,0.6786820390866635,0.6931404795041977,0.6805325459567104,0.6808286948389776,0.6833342824459747,0.005137238326364697,29,0.6909662135729896,0.6845906852956265,0.6990524369958271,0.6877252779124051,0.6878634569981674,0.6900396141550031,0.0049370477002169694,33
2.060332202911377,0.1951887444326075,0.12305397987365722,0.016457403489053887,1.0,400,l2,lbfgs,0.001,0.95,20000,2,"(1, 2)","{'model__C': 1, 'model__max_iter': 400, 'model__penalty': 'l2', 'model__solver': 'lbfgs', 'model__tol': 0.001, 'vec__max_df': 0.95, 'vec__max_features': 20000, 'vec__min_df': 2, 'vec__ngram_range': (1, 2)}",0.6899690515201166,0.6810486073184052,0.6965228472601492,0.6902767662053897,0.6864530225782957,0.6888540589764712,0.005074793973024875,35,0.6838961275448581,0.6759030261920435,0.6909064485925543,0.6833717973820801,0.6797293923257933,0.6827613584074659,0.004984623756265747,35,0.6913128449820776,0.6819592351523687,0.6970858308751855,0.6905291971622076,0.686894805174588,0.6895563826692854,0.005010484274664568,35
2.2490651607513428,0.7429718427017841,0.11237702369689942,0.014563021270328833,1.0,400,l2,lbfgs,0.001,0.9,20000,2,"(1, 2)","{'model__C': 1, 'model__max_iter': 400, 'model__penalty': 'l2', 'model__solver': 'lbfgs', 'model__tol': 0.001, 'vec__max_df': 0.9, 'vec__max_features': 20000, 'vec__min_df': 2, 'vec__ngram_range': (1, 2)}",0.6899690515201166,0.6810486073184052,0.6965228472601492,0.6902767662053897,0.6864530225782957,0.6888540589764712,0.005074793973024875,35,0.6838961275448581,0.6759030261920435,0.6909064485925543,0.6833717973820801,0.6797293923257933,0.6827613584074659,0.004984623756265747,35,0.6913128449820776,0.6819592351523687,0.6970858308751855,0.6905291971622076,0.686894805174588,0.6895563826692854,0.005010484274664568,35
0.9591049671173095,0.21741366864610281,0.07527179718017578,0.013705400873982539,1.0,400,l2,lbfgs,0.001,0.95,20000,2,"(1, 1)","{'model__C': 1, 'model__max_iter': 400, 'model__penalty': 'l2', 'model__solver': 'lbfgs', 'model__tol': 0.001, 'vec__max_df': 0.95, 'vec__max_features': 20000, 'vec__min_df': 2, 'vec__ngram_range': (1, 1)}",0.6881485527034408,0.686328053886765,0.6943382486801384,0.6871813546977422,0.6855426074289876,0.6883077634794148,0.0031377136461189395,37,0.6825950452211926,0.6817941592508067,0.6884361917377445,0.6810913651530618,0.6790785131402098,0.6825990549006031,0.0031428452778212755,37,0.6898347988694798,0.6873352543388812,0.6944875449612565,0.6874536637614349,0.6856968821860869,0.6889616288234278,0.003061888250405049,37
1.1303929328918456,0.09917824334715443,0.08436079025268554,0.017422393762165804,1.0,400,l2,lbfgs,0.001,0.95,50000,2,"(1, 1)","{'model__C': 1, 'model__max_iter': 400, 'model__penalty': 'l2', 'model__solver': 'lbfgs', 'model__tol': 0.001, 'vec__max_df': 0.95, 'vec__max_features': 50000, 'vec__min_df': 2, 'vec__ngram_range': (1, 1)}",0.6881485527034408,0.686328053886765,0.6943382486801384,0.6871813546977422,0.6855426074289876,0.6883077634794148,0.0031377136461189395,37,0.6825950452211926,0.6817941592508067,0.6884361917377445,0.6810913651530618,0.6790785131402098,0.6825990549006031,0.0031428452778212755,37,0.6898347988694798,0.6873352543388812,0.6944875449612565,0.6874536637614349,0.6856968821860869,0.6889616288234278,0.003061888250405049,37
1.0220303058624267,0.19478594984327063,0.0858081340789795,0.017918845635497366,1.0,400,l2,lbfgs,0.001,0.9,50000,2,"(1, 1)","{'model__C': 1, 'model__max_iter': 400, 'model__penalty': 'l2', 'model__solver': 'lbfgs', 'model__tol': 0.001, 'vec__max_df': 0.9, 'vec__max_features': 50000, 'vec__min_df': 2, 'vec__ngram_range': (1, 1)}",0.6881485527034408,0.686328053886765,0.6943382486801384,0.6871813546977422,0.6855426074289876,0.6883077634794148,0.0031377136461189395,37,0.6825950452211926,0.6817941592508067,0.6884361917377445,0.6810913651530618,0.6790785131402098,0.6825990549006031,0.0031428452778212755,37,0.6898347988694798,0.6873352543388812,0.6944875449612565,0.6874536637614349,0.6856968821860869,0.6889616288234278,0.003061888250405049,37
1.1767141819000244,0.4314435384943408,0.08470096588134765,0.02299103654877276,1.0,400,l2,lbfgs,0.001,0.9,20000,2,"(1, 1)","{'model__C': 1, 'model__max_iter': 400, 'model__penalty': 'l2', 'model__solver': 'lbfgs', 'model__tol': 0.001, 'vec__max_df': 0.9, 'vec__max_features': 20000, 'vec__min_df': 2, 'vec__ngram_range': (1, 1)}",0.6881485527034408,0.686328053886765,0.6943382486801384,0.6871813546977422,0.6855426074289876,0.6883077634794148,0.0031377136461189395,37,0.6825950452211926,0.6817941592508067,0.6884361917377445,0.6810913651530618,0.6790785131402098,0.6825990549006031,0.0031428452778212755,37,0.6898347988694798,0.6873352543388812,0.6944875449612565,0.6874536637614349,0.6856968821860869,0.6889616288234278,0.003061888250405049,37
1.5724076747894287,0.2269975101941475,0.10984010696411133,0.007129657768250059,1.0,400,l2,lbfgs,0.001,0.95,50000,5,"(1, 2)","{'model__C': 1, 'model__max_iter': 400, 'model__penalty': 'l2', 'model__solver': 'lbfgs', 'model__tol': 0.001, 'vec__max_df': 0.95, 'vec__max_features': 50000, 'vec__min_df': 5, 'vec__ngram_range': (1, 2)}",0.6879665028217732,0.6843255051884216,0.6937920990351356,0.6835396941005099,0.6891842680262199,0.687761613834412,0.0036895562082537585,45,0.6822820699496251,0.6799264339726768,0.6877772427869521,0.6780484135239919,0.6822778906326464,0.6820624101731785,0.003268900655512241,41,0.6892326938390028,0.6858966751886465,0.6940303841807948,0.6841274229571389,0.6894803101763375,0.6885534972683841,0.0034048617525905584,41
1.6864312648773194,0.39021227428082417,0.18583760261535645,0.0489320417066446,1.0,400,l2,lbfgs,0.001,0.95,20000,5,"(1, 2)","{'model__C': 1, 'model__max_iter': 400, 'model__penalty': 'l2', 'model__solver': 'lbfgs', 'model__tol': 0.001, 'vec__max_df': 0.95, 'vec__max_features': 20000, 'vec__min_df': 5, 'vec__ngram_range': (1, 2)}",0.6879665028217732,0.6843255051884216,0.6937920990351356,0.6835396941005099,0.6891842680262199,0.687761613834412,0.0036895562082537585,45,0.6822820699496251,0.6799264339726768,0.6877772427869521,0.6780484135239919,0.6822778906326464,0.6820624101731785,0.003268900655512241,41,0.6892326938390028,0.6858966751886465,0.6940303841807948,0.6841274229571389,0.6894803101763375,0.6885534972683841,0.0034048617525905584,41
1.612920379638672,0.29730722999013076,0.12856945991516114,0.03318207962448997,1.0,400,l2,lbfgs,0.001,0.9,20000,5,"(1, 2)","{'model__C': 1, 'model__max_iter': 400, 'model__penalty': 'l2', 'model__solver': 'lbfgs', 'model__tol': 0.001, 'vec__max_df': 0.9, 'vec__max_features': 20000, 'vec__min_df': 5, 'vec__ngram_range': (1, 2)}",0.6879665028217732,0.6843255051884216,0.6937920990351356,0.6835396941005099,0.6891842680262199,0.687761613834412,0.0036895562082537585,45,0.6822820699496251,0.6799264339726768,0.6877772427869521,0.6780484135239919,0.6822778906326464,0.6820624101731785,0.003268900655512241,41,0.6892326938390028,0.6858966751886465,0.6940303841807948,0.6841274229571389,0.6894803101763375,0.6885534972683841,0.0034048617525905584,41
1.7141892910003662,0.413184590110107,0.126906156539917,0.02529392976431679,1.0,400,l2,lbfgs,0.001,0.9,50000,5,"(1, 2)","{'model__C': 1, 'model__max_iter': 400, 'model__penalty': 'l2', 'model__solver': 'lbfgs', 'model__tol': 0.001, 'vec__max_df': 0.9, 'vec__max_features': 50000, 'vec__min_df': 5, 'vec__ngram_range': (1, 2)}",0.6879665028217732,0.6843255051884216,0.6937920990351356,0.6835396941005099,0.6891842680262199,0.687761613834412,0.0036895562082537585,45,0.6822820699496251,0.6799264339726768,0.6877772427869521,0.6780484135239919,0.6822778906326464,0.6820624101731785,0.003268900655512241,41,0.6892326938390028,0.6858966751886465,0.6940303841807948,0.6841274229571389,0.6894803101763375,0.6885534972683841,0.0034048617525905584,41
0.7616436958312989,0.23554959460683414,0.09022707939147949,0.035142104019994305,1.0,400,l2,lbfgs,0.001,0.9,50000,5,"(1, 1)","{'model__C': 1, 'model__max_iter': 400, 'model__penalty': 'l2', 'model__solver': 'lbfgs', 'model__tol': 0.001, 'vec__max_df': 0.9, 'vec__max_features': 50000, 'vec__min_df': 5, 'vec__ngram_range': (1, 1)}",0.6865101037684326,0.6843255051884216,0.6976151465501548,0.6879096868171887,0.6846321922796795,0.6881985269207755,0.0048852014636611525,41,0.6808479142738243,0.6795119930958081,0.6910900681536228,0.6817402172157956,0.6770745523958892,0.682052949026988,0.0047845652281432475,45,0.6881165016377766,0.684977637681396,0.6973567915823794,0.6879406950910489,0.6842073101567131,0.6885197872298627,0.004684760715993149,45
0.8216797351837158,0.14999325510197864,0.09333133697509766,0.006859142467672066,1.0,400,l2,lbfgs,0.001,0.9,20000,5,"(1, 1)","{'model__C': 1, 'model__max_iter': 400, 'model__penalty': 'l2', 'model__solver': 'lbfgs', 'model__tol': 0.001, 'vec__max_df': 0.9, 'vec__max_features': 20000, 'vec__min_df': 5, 'vec__ngram_range': (1, 1)}",0.6865101037684326,0.6843255051884216,0.6976151465501548,0.6879096868171887,0.6846321922796795,0.6881985269207755,0.0048852014636611525,41,0.6808479142738243,0.6795119930958081,0.6910900681536228,0.6817402172157956,0.6770745523958892,0.682052949026988,0.0047845652281432475,45,0.6881165016377766,0.684977637681396,0.6973567915823794,0.6879406950910489,0.6842073101567131,0.6885197872298627,0.004684760715993149,45
0.6883344173431396,0.09728884127221249,0.0807492733001709,0.030322525456661253,1.0,400,l2,lbfgs,0.001,0.95,20000,5,"(1, 1)","{'model__C': 1, 'model__max_iter': 400, 'model__penalty': 'l2', 'model__solver': 'lbfgs', 'model__tol': 0.001, 'vec__max_df': 0.95, 'vec__max_features': 20000, 'vec__min_df': 5, 'vec__ngram_range': (1, 1)}",0.6865101037684326,0.6843255051884216,0.6976151465501548,0.6879096868171887,0.6846321922796795,0.6881985269207755,0.0048852014636611525,41,0.6808479142738243,0.6795119930958081,0.6910900681536228,0.6817402172157956,0.6770745523958892,0.682052949026988,0.0047845652281432475,45,0.6881165016377766,0.684977637681396,0.6973567915823794,0.6879406950910489,0.6842073101567131,0.6885197872298627,0.004684760715993149,45
0.7934610366821289,0.18398884788157147,0.11637749671936035,0.051148046603482905,1.0,400,l2,lbfgs,0.001,0.95,50000,5,"(1, 1)","{'model__C': 1, 'model__max_iter': 400, 'model__penalty': 'l2', 'model__solver': 'lbfgs', 'model__tol': 0.001, 'vec__max_df': 0.95, 'vec__max_features': 50000, 'vec__min_df': 5, 'vec__ngram_range': (1, 1)}",0.6865101037684326,0.6843255051884216,0.6976151465501548,0.6879096868171887,0.6846321922796795,0.6881985269207755,0.0048852014636611525,41,0.6808479142738243,0.6795119930958081,0.6910900681536228,0.6817402172157956,0.6770745523958892,0.682052949026988,0.0047845652281432475,45,0.6881165016377766,0.684977637681396,0.6973567915823794,0.6879406950910489,0.6842073101567131,0.6885197872298627,0.004684760715993149,45
2.377920961380005,0.26140127148154074,0.15518722534179688,0.04671802261981784,2.0,400,l2,lbfgs,0.001,0.9,20000,2,"(1, 2)","{'model__C': 2, 'model__max_iter': 400, 'model__penalty': 'l2', 'model__solver': 'lbfgs', 'model__tol': 0.001, 'vec__max_df': 0.9, 'vec__max_features': 20000, 'vec__min_df': 2, 'vec__ngram_range': (1, 2)}",0.6855998543600946,0.6761332605133806,0.6934279992718004,0.6819009468317553,0.6844501092498179,0.6843024340453697,0.005612193602751349,49,0.6813572682495641,0.6724883398293802,0.68977980732588,0.6773894258470095,0.6797203310056781,0.6801470344515024,0.005669163314925595,49,0.6870646057945712,0.6774591149278882,0.694753279229945,0.6830815295939616,0.6853886949919498,0.6855494449076632,0.00563162790777016,49
2.2850675106048586,0.35023544103009324,0.1371973991394043,0.01491666440499477,2.0,400,l2,lbfgs,0.001,0.95,20000,2,"(1, 2)","{'model__C': 2, 'model__max_iter': 400, 'model__penalty': 'l2', 'model__solver': 'lbfgs', 'model__tol': 0.001, 'vec__max_df': 0.95, 'vec__max_features': 20000, 'vec__min_df': 2, 'vec__ngram_range': (1, 2)}",0.6855998543600946,0.6761332605133806,0.6934279992718004,0.6819009468317553,0.6844501092498179,0.6843024340453697,0.005612193602751349,49,0.6813572682495641,0.6724883398293802,0.68977980732588,0.6773894258470095,0.6797203310056781,0.6801470344515024,0.005669163314925595,49,0.6870646057945712,0.6774591149278882,0.694753279229945,0.6830815295939616,0.6853886949919498,0.6855494449076632,0.00563162790777016,49
2.3870102405548095,0.08262438374058957,0.14055924415588378,0.0198500312739846,2.0,400,l2,lbfgs,0.001,0.95,50000,2,"(1, 2)","{'model__C': 2, 'model__max_iter': 400, 'model__penalty': 'l2', 'model__solver': 'lbfgs', 'model__tol': 0.001, 'vec__max_df': 0.95, 'vec__max_features': 50000, 'vec__min_df': 2, 'vec__ngram_range': (1, 2)}",0.6865101037684326,0.675951210631713,0.6934279992718004,0.6835396941005099,0.6813546977421704,0.6841567411029252,0.005780267609411711,51,0.6822444029458979,0.6723183529541911,0.6897119209511692,0.678961277418861,0.6760219600836567,0.6798515828707552,0.005918784713723278,51,0.687988568051244,0.6772952336933682,0.6946832396666389,0.6847304684364403,0.6819764237066827,0.6853347867108749,0.005843189941028242,51
2.406485414505005,0.34436526878347,0.14790258407592774,0.03547872952641995,2.0,400,l2,lbfgs,0.001,0.9,50000,2,"(1, 2)","{'model__C': 2, 'model__max_iter': 400, 'model__penalty': 'l2', 'model__solver': 'lbfgs', 'model__tol': 0.001, 'vec__max_df': 0.9, 'vec__max_features': 50000, 'vec__min_df': 2, 'vec__ngram_range': (1, 2)}",0.6865101037684326,0.675951210631713,0.6934279992718004,0.6835396941005099,0.6813546977421704,0.6841567411029252,0.005780267609411711,51,0.6822444029458979,0.6723183529541911,0.6897119209511692,0.678961277418861,0.6760219600836567,0.6798515828707552,0.005918784713723278,51,0.687988568051244,0.6772952336933682,0.6946832396666389,0.6847304684364403,0.6819764237066827,0.6853347867108749,0.005843189941028242,51
1.6514700889587401,0.15553272235727592,0.12646446228027344,0.018142208113571076,2.0,400,l2,lbfgs,0.001,0.95,20000,5,"(1, 2)","{'model__C': 2, 'model__max_iter': 400, 'model__penalty': 'l2', 'model__solver': 'lbfgs', 'model__tol': 0.001, 'vec__max_df': 0.95, 'vec__max_features': 20000, 'vec__min_df': 5, 'vec__ngram_range': (1, 2)}",0.6801383579100674,0.680320407791735,0.6912434006917896,0.6788055353241078,0.6875455207574654,0.683610644495033,0.004893132415869231,53,0.6754583032154913,0.6775800518575085,0.6864516570056064,0.6751497250211903,0.6810147393694952,0.6791308952938583,0.004216282372413832,53,0.6816137182834682,0.6821976013466209,0.6917431348310573,0.6799700232975084,0.6877721252827796,0.6846593206082868,0.004408973608388716,53
1.9018412590026856,0.2581039022748149,0.1283327579498291,0.02250122892374967,2.0,400,l2,lbfgs,0.001,0.95,50000,5,"(1, 2)","{'model__C': 2, 'model__max_iter': 400, 'model__penalty': 'l2', 'model__solver': 'lbfgs', 'model__tol': 0.001, 'vec__max_df': 0.95, 'vec__max_features': 50000, 'vec__min_df': 5, 'vec__ngram_range': (1, 2)}",0.6801383579100674,0.680320407791735,0.6912434006917896,0.6788055353241078,0.6875455207574654,0.683610644495033,0.004893132415869231,53,0.6754583032154913,0.6775800518575085,0.6864516570056064,0.6751497250211903,0.6810147393694952,0.6791308952938583,0.004216282372413832,53,0.6816137182834682,0.6821976013466209,0.6917431348310573,0.6799700232975084,0.6877721252827796,0.6846593206082868,0.004408973608388716,53
1.8035985946655273,0.5374409494239744,0.1538081169128418,0.0358002333484878,2.0,400,l2,lbfgs,0.001,0.9,50000,5,"(1, 2)","{'model__C': 2, 'model__max_iter': 400, 'model__penalty': 'l2', 'model__solver': 'lbfgs', 'model__tol': 0.001, 'vec__max_df': 0.9, 'vec__max_features': 50000, 'vec__min_df': 5, 'vec__ngram_range': (1, 2)}",0.6801383579100674,0.680320407791735,0.6912434006917896,0.6788055353241078,0.6875455207574654,0.683610644495033,0.004893132415869231,53,0.6754583032154913,0.6775800518575085,0.6864516570056064,0.6751497250211903,0.6810147393694952,0.6791308952938583,0.004216282372413832,53,0.6816137182834682,0.6821976013466209,0.6917431348310573,0.6799700232975084,0.6877721252827796,0.6846593206082868,0.004408973608388716,53
1.8451689243316651,0.3041068169735127,0.1298823833465576,0.031000219175599423,2.0,400,l2,lbfgs,0.001,0.9,20000,5,"(1, 2)","{'model__C': 2, 'model__max_iter': 400, 'model__penalty': 'l2', 'model__solver': 'lbfgs', 'model__tol': 0.001, 'vec__max_df': 0.9, 'vec__max_features': 20000, 'vec__min_df': 5, 'vec__ngram_range': (1, 2)}",0.6801383579100674,0.680320407791735,0.6912434006917896,0.6788055353241078,0.6875455207574654,0.683610644495033,0.004893132415869231,53,0.6754583032154913,0.6775800518575085,0.6864516570056064,0.6751497250211903,0.6810147393694952,0.6791308952938583,0.004216282372413832,53,0.6816137182834682,0.6821976013466209,0.6917431348310573,0.6799700232975084,0.6877721252827796,0.6846593206082868,0.004408973608388716,53
0.8704732418060303,0.21724910828556637,0.0882218360900879,0.029266070858400942,2.0,400,l2,lbfgs,0.001,0.95,50000,5,"(1, 1)","{'model__C': 2, 'model__max_iter': 400, 'model__penalty': 'l2', 'model__solver': 'lbfgs', 'model__tol': 0.001, 'vec__max_df': 0.95, 'vec__max_features': 50000, 'vec__min_df': 5, 'vec__ngram_range': (1, 1)}",0.680320407791735,0.679410158383397,0.6941561987984708,0.6809905316824472,0.67680262199563,0.682335983730336,0.0060789607316102225,57,0.6756967210585917,0.6762251802714231,0.6886857358007044,0.6758181627076228,0.6701970698114658,0.6773245739299616,0.006099264876531339,57,0.6820144800244184,0.6806342647500586,0.694418725270605,0.681368525068451,0.6765927175417472,0.6830057425310561,0.006011157189251178,57
0.9677382946014405,0.3077761597378026,0.09023141860961914,0.01995054300405315,2.0,400,l2,lbfgs,0.001,0.95,20000,5,"(1, 1)","{'model__C': 2, 'model__max_iter': 400, 'model__penalty': 'l2', 'model__solver': 'lbfgs', 'model__tol': 0.001, 'vec__max_df': 0.95, 'vec__max_features': 20000, 'vec__min_df': 5, 'vec__ngram_range': (1, 1)}",0.680320407791735,0.679410158383397,0.6941561987984708,0.6809905316824472,0.67680262199563,0.682335983730336,0.0060789607316102225,57,0.6756967210585917,0.6762251802714231,0.6886857358007044,0.6758181627076228,0.6701970698114658,0.6773245739299616,0.006099264876531339,57,0.6820144800244184,0.6806342647500586,0.694418725270605,0.681368525068451,0.6765927175417472,0.6830057425310561,0.006011157189251178,57
0.9052897930145264,0.24551383976915894,0.0927971363067627,0.027213146300326486,2.0,400,l2,lbfgs,0.001,0.9,20000,5,"(1, 1)","{'model__C': 2, 'model__max_iter': 400, 'model__penalty': 'l2', 'model__solver': 'lbfgs', 'model__tol': 0.001, 'vec__max_df': 0.9, 'vec__max_features': 20000, 'vec__min_df': 5, 'vec__ngram_range': (1, 1)}",0.680320407791735,0.679410158383397,0.6941561987984708,0.6809905316824472,0.67680262199563,0.682335983730336,0.0060789607316102225,57,0.6756967210585917,0.6762251802714231,0.6886857358007044,0.6758181627076228,0.6701970698114658,0.6773245739299616,0.006099264876531339,57,0.6820144800244184,0.6806342647500586,0.694418725270605,0.681368525068451,0.6765927175417472,0.6830057425310561,0.006011157189251178,57
0.8281377792358399,0.18002947734481473,0.08825554847717285,0.025852547902096346,2.0,400,l2,lbfgs,0.001,0.9,50000,5,"(1, 1)","{'model__C': 2, 'model__max_iter': 400, 'model__penalty': 'l2', 'model__solver': 'lbfgs', 'model__tol': 0.001, 'vec__max_df': 0.9, 'vec__max_features': 50000, 'vec__min_df': 5, 'vec__ngram_range': (1, 1)}",0.680320407791735,0.679410158383397,0.6941561987984708,0.6809905316824472,0.67680262199563,0.682335983730336,0.0060789607316102225,57,0.6756967210585917,0.6762251802714231,0.6886857358007044,0.6758181627076228,0.6701970698114658,0.6773245739299616,0.006099264876531339,57,0.6820144800244184,0.6806342647500586,0.694418725270605,0.681368525068451,0.6765927175417472,0.6830057425310561,0.006011157189251178,57
1.0496086597442627,0.19299936816453006,0.11483869552612305,0.04322437970789114,2.0,400,l2,lbfgs,0.001,0.9,50000,2,"(1, 1)","{'model__C': 2, 'model__max_iter': 400, 'model__penalty': 'l2', 'model__solver': 'lbfgs', 'model__tol': 0.001, 'vec__max_df': 0.9, 'vec__max_features': 50000, 'vec__min_df': 2, 'vec__ngram_range': (1, 1)}",0.6830511560167486,0.6795922082650646,0.6916075004551248,0.6788055353241078,0.6771667880553532,0.6820446376232797,0.0051528833614963784,61,0.6783370300336765,0.6757954729052994,0.6871201280197662,0.6743650098405882,0.6709342191347333,0.6773103719868128,0.005457302314585842,61,0.6847737190086259,0.6806240058044889,0.6918875125625701,0.6794790206034095,0.6771963703419307,0.682792125664205,0.005169964439149075,61
1.1359055042266846,0.23282783553548905,0.11508464813232422,0.04841137772448209,2.0,400,l2,lbfgs,0.001,0.9,20000,2,"(1, 1)","{'model__C': 2, 'model__max_iter': 400, 'model__penalty': 'l2', 'model__solver': 'lbfgs', 'model__tol': 0.001, 'vec__max_df': 0.9, 'vec__max_features': 20000, 'vec__min_df': 2, 'vec__ngram_range': (1, 1)}",0.6830511560167486,0.6795922082650646,0.6916075004551248,0.6788055353241078,0.6771667880553532,0.6820446376232797,0.0051528833614963784,61,0.6783370300336765,0.6757954729052994,0.6871201280197662,0.6743650098405882,0.6709342191347333,0.6773103719868128,0.005457302314585842,61,0.6847737190086259,0.6806240058044889,0.6918875125625701,0.6794790206034095,0.6771963703419307,0.682792125664205,0.005169964439149075,61
1.0436511039733887,0.21541502304212015,0.09914178848266601,0.03613085915397131,2.0,400,l2,lbfgs,0.001,0.95,20000,2,"(1, 1)","{'model__C': 2, 'model__max_iter': 400, 'model__penalty': 'l2', 'model__solver': 'lbfgs', 'model__tol': 0.001, 'vec__max_df': 0.95, 'vec__max_features': 20000, 'vec__min_df': 2, 'vec__ngram_range': (1, 1)}",0.6830511560167486,0.6795922082650646,0.6916075004551248,0.6788055353241078,0.6771667880553532,0.6820446376232797,0.0051528833614963784,61,0.6783370300336765,0.6757954729052994,0.6871201280197662,0.6743650098405882,0.6709342191347333,0.6773103719868128,0.005457302314585842,61,0.6847737190086259,0.6806240058044889,0.6918875125625701,0.6794790206034095,0.6771963703419307,0.682792125664205,0.005169964439149075,61
1.0035829067230224,0.28978925223222407,0.08506736755371094,0.03196516247899953,2.0,400,l2,lbfgs,0.001,0.95,50000,2,"(1, 1)","{'model__C': 2, 'model__max_iter': 400, 'model__penalty': 'l2', 'model__solver': 'lbfgs', 'model__tol': 0.001, 'vec__max_df': 0.95, 'vec__max_features': 50000, 'vec__min_df': 2, 'vec__ngram_range': (1, 1)}",0.6830511560167486,0.6795922082650646,0.6916075004551248,0.6788055353241078,0.6771667880553532,0.6820446376232797,0.0051528833614963784,61,0.6783370300336765,0.6757954729052994,0.6871201280197662,0.6743650098405882,0.6709342191347333,0.6773103719868128,0.005457302314585842,61,0.6847737190086259,0.6806240058044889,0.6918875125625701,0.6794790206034095,0.6771963703419307,0.682792125664205,0.005169964439149075,61
2.4628170013427733,0.2500895901466193,0.11950802803039551,0.006854061807031459,4.0,400,l2,lbfgs,0.001,0.9,20000,2,"(1, 2)","{'model__C': 4, 'model__max_iter': 400, 'model__penalty': 'l2', 'model__solver': 'lbfgs', 'model__tol': 0.001, 'vec__max_df': 0.9, 'vec__max_features': 20000, 'vec__min_df': 2, 'vec__ngram_range': (1, 2)}",0.6805024576734026,0.6703076643000182,0.6870562534134352,0.6804442825928624,0.6729788783685361,0.678257907269651,0.0059716605370662874,65,0.6771138875514149,0.6676107450673925,0.6845810023926037,0.6769978483346092,0.6681331807295817,0.6748873328151204,0.006355255325698779,65,0.6822925159076411,0.6719101997943829,0.6887892684883994,0.6817903445535043,0.6739396048601539,0.6797443867208163,0.0061246839794983216,65
2.2554819107055666,0.3269723971754915,0.1206164836883545,0.0056312375235680655,4.0,400,l2,lbfgs,0.001,0.95,20000,2,"(1, 2)","{'model__C': 4, 'model__max_iter': 400, 'model__penalty': 'l2', 'model__solver': 'lbfgs', 'model__tol': 0.001, 'vec__max_df': 0.95, 'vec__max_features': 20000, 'vec__min_df': 2, 'vec__ngram_range': (1, 2)}",0.6805024576734026,0.6703076643000182,0.6870562534134352,0.6804442825928624,0.6729788783685361,0.678257907269651,0.0059716605370662874,65,0.6771138875514149,0.6676107450673925,0.6845810023926037,0.6769978483346092,0.6681331807295817,0.6748873328151204,0.006355255325698779,65,0.6822925159076411,0.6719101997943829,0.6887892684883994,0.6817903445535043,0.6739396048601539,0.6797443867208163,0.0061246839794983216,65
2.0366899967193604,0.07103417208429538,0.09686741828918458,0.012593175185182645,4.0,400,l2,lbfgs,0.001,0.95,50000,2,"(1, 2)","{'model__C': 4, 'model__max_iter': 400, 'model__penalty': 'l2', 'model__solver': 'lbfgs', 'model__tol': 0.001, 'vec__max_df': 0.95, 'vec__max_features': 50000, 'vec__min_df': 2, 'vec__ngram_range': (1, 2)}",0.680320407791735,0.6701256144183506,0.6859639541234298,0.6769847050254916,0.6747997086671522,0.6776388780052318,0.0053185608751496445,71,0.6767798171659306,0.6673128846539251,0.6830317338852133,0.6733919260911548,0.6705159003359519,0.6742064524264352,0.00540948617572421,67,0.6819634720614106,0.6717596955557014,0.6872735154252001,0.6783737531554945,0.6757856451207966,0.6790312162637206,0.0052985775962992926,67
2.8454596042633056,0.353415541400826,0.14151239395141602,0.0412131990178253,4.0,400,l2,lbfgs,0.001,0.9,50000,2,"(1, 2)","{'model__C': 4, 'model__max_iter': 400, 'model__penalty': 'l2', 'model__solver': 'lbfgs', 'model__tol': 0.001, 'vec__max_df': 0.9, 'vec__max_features': 50000, 'vec__min_df': 2, 'vec__ngram_range': (1, 2)}",0.680320407791735,0.6701256144183506,0.6859639541234298,0.6769847050254916,0.6747997086671522,0.6776388780052318,0.0053185608751496445,71,0.6767798171659306,0.6673128846539251,0.6830317338852133,0.6733919260911548,0.6705159003359519,0.6742064524264352,0.00540948617572421,67,0.6819634720614106,0.6717596955557014,0.6872735154252001,0.6783737531554945,0.6757856451207966,0.6790312162637206,0.0052985775962992926,67
0.8657968997955322,0.10597807364032236,0.0837815284729004,0.01957710529405419,4.0,400,l2,lbfgs,0.001,0.95,20000,5,"(1, 1)","{'model__C': 4, 'model__max_iter': 400, 'model__penalty': 'l2', 'model__solver': 'lbfgs', 'model__tol': 0.001, 'vec__max_df': 0.95, 'vec__max_features': 20000, 'vec__min_df': 5, 'vec__ngram_range': (1, 1)}",0.67467686146004,0.6752230111050428,0.6914254505734572,0.6746176256372906,0.6726147123088129,0.6777115322169287,0.0069140921561089965,67,0.6705583180138402,0.6724872898283302,0.6868858160659638,0.6707509791057348,0.666951662324413,0.6735268130676564,0.006917996733722077,69,0.6764053060252233,0.676600953735504,0.6917641433705043,0.675568677355586,0.6729207055090155,0.6786519571991667,0.006686364384728764,69
0.8503771305084229,0.16835152595477315,0.07273130416870117,0.003808059858778562,4.0,400,l2,lbfgs,0.001,0.95,50000,5,"(1, 1)","{'model__C': 4, 'model__max_iter': 400, 'model__penalty': 'l2', 'model__solver': 'lbfgs', 'model__tol': 0.001, 'vec__max_df': 0.95, 'vec__max_features': 50000, 'vec__min_df': 5, 'vec__ngram_range': (1, 1)}",0.67467686146004,0.6752230111050428,0.6914254505734572,0.6746176256372906,0.6726147123088129,0.6777115322169287,0.0069140921561089965,67,0.6705583180138402,0.6724872898283302,0.6868858160659638,0.6707509791057348,0.666951662324413,0.6735268130676564,0.006917996733722077,69,0.6764053060252233,0.676600953735504,0.6917641433705043,0.675568677355586,0.6729207055090155,0.6786519571991667,0.006686364384728764,69
0.7943274497985839,0.10156141560915177,0.08424081802368164,0.012129921047470928,4.0,400,l2,lbfgs,0.001,0.9,50000,5,"(1, 1)","{'model__C': 4, 'model__max_iter': 400, 'model__penalty': 'l2', 'model__solver': 'lbfgs', 'model__tol': 0.001, 'vec__max_df': 0.9, 'vec__max_features': 50000, 'vec__min_df': 5, 'vec__ngram_range': (1, 1)}",0.67467686146004,0.6752230111050428,0.6914254505734572,0.6746176256372906,0.6726147123088129,0.6777115322169287,0.0069140921561089965,67,0.6705583180138402,0.6724872898283302,0.6868858160659638,0.6707509791057348,0.666951662324413,0.6735268130676564,0.006917996733722077,69,0.6764053060252233,0.676600953735504,0.6917641433705043,0.675568677355586,0.6729207055090155,0.6786519571991667,0.006686364384728764,69
0.8058963298797608,0.23889924545666535,0.08083915710449219,0.024928595862439465,4.0,400,l2,lbfgs,0.001,0.9,20000,5,"(1, 1)","{'model__C': 4, 'model__max_iter': 400, 'model__penalty': 'l2', 'model__solver': 'lbfgs', 'model__tol': 0.001, 'vec__max_df': 0.9, 'vec__max_features': 20000, 'vec__min_df': 5, 'vec__ngram_range': (1, 1)}",0.67467686146004,0.6752230111050428,0.6914254505734572,0.6746176256372906,0.6726147123088129,0.6777115322169287,0.0069140921561089965,67,0.6705583180138402,0.6724872898283302,0.6868858160659638,0.6707509791057348,0.666951662324413,0.6735268130676564,0.006917996733722077,69,0.6764053060252233,0.676600953735504,0.6917641433705043,0.675568677355586,0.6729207055090155,0.6786519571991667,0.006686364384728764,69
1.134650421142578,0.11010336642889419,0.10489821434020996,0.0265723095377712,4.0,400,l2,lbfgs,0.001,0.95,50000,2,"(1, 1)","{'model__C': 4, 'model__max_iter': 400, 'model__penalty': 'l2', 'model__solver': 'lbfgs', 'model__tol': 0.001, 'vec__max_df': 0.95, 'vec__max_features': 50000, 'vec__min_df': 2, 'vec__ngram_range': (1, 1)}",0.675951210631713,0.6646641179683234,0.6894229018751138,0.6737072104879825,0.6717042971595047,0.6750899476245275,0.00810244242925824,73,0.6731167923363476,0.6624886963037252,0.6848105707371062,0.6704088002288516,0.6669340066512303,0.6715517732514521,0.007523490080628924,73,0.678275936116529,0.6664096650418251,0.6901154633949734,0.6749346916828998,0.6725984550052694,0.6764668422482993,0.007848775680436048,73
1.1824000358581543,0.30049794701027766,0.07609353065490723,0.013191047100745184,4.0,400,l2,lbfgs,0.001,0.95,20000,2,"(1, 1)","{'model__C': 4, 'model__max_iter': 400, 'model__penalty': 'l2', 'model__solver': 'lbfgs', 'model__tol': 0.001, 'vec__max_df': 0.95, 'vec__max_features': 20000, 'vec__min_df': 2, 'vec__ngram_range': (1, 1)}",0.675951210631713,0.6646641179683234,0.6894229018751138,0.6737072104879825,0.6717042971595047,0.6750899476245275,0.00810244242925824,73,0.6731167923363476,0.6624886963037252,0.6848105707371062,0.6704088002288516,0.6669340066512303,0.6715517732514521,0.007523490080628924,73,0.678275936116529,0.6664096650418251,0.6901154633949734,0.6749346916828998,0.6725984550052694,0.6764668422482993,0.007848775680436048,73
1.0045713901519775,0.23188693971650434,0.0993776798248291,0.036629404999119375,4.0,400,l2,lbfgs,0.001,0.9,20000,2,"(1, 1)","{'model__C': 4, 'model__max_iter': 400, 'model__penalty': 'l2', 'model__solver': 'lbfgs', 'model__tol': 0.001, 'vec__max_df': 0.9, 'vec__max_features': 20000, 'vec__min_df': 2, 'vec__ngram_range': (1, 1)}",0.675951210631713,0.6646641179683234,0.6894229018751138,0.6737072104879825,0.6717042971595047,0.6750899476245275,0.00810244242925824,73,0.6731167923363476,0.6624886963037252,0.6848105707371062,0.6704088002288516,0.6669340066512303,0.6715517732514521,0.007523490080628924,73,0.678275936116529,0.6664096650418251,0.6901154633949734,0.6749346916828998,0.6725984550052694,0.6764668422482993,0.007848775680436048,73
1.0903023719787597,0.24854331266820684,0.09714155197143555,0.03803710737779722,4.0,400,l2,lbfgs,0.001,0.9,50000,2,"(1, 1)","{'model__C': 4, 'model__max_iter': 400, 'model__penalty': 'l2', 'model__solver': 'lbfgs', 'model__tol': 0.001, 'vec__max_df': 0.9, 'vec__max_features': 50000, 'vec__min_df': 2, 'vec__ngram_range': (1, 1)}",0.675951210631713,0.6646641179683234,0.6894229018751138,0.6737072104879825,0.6717042971595047,0.6750899476245275,0.00810244242925824,73,0.6731167923363476,0.6624886963037252,0.6848105707371062,0.6704088002288516,0.6669340066512303,0.6715517732514521,0.007523490080628924,73,0.678275936116529,0.6664096650418251,0.6901154633949734,0.6749346916828998,0.6725984550052694,0.6764668422482993,0.007848775680436048,73
1.8571190357208252,0.22872640282782328,0.1651339054107666,0.0408928236362247,4.0,400,l2,lbfgs,0.001,0.9,50000,5,"(1, 2)","{'model__C': 4, 'model__max_iter': 400, 'model__penalty': 'l2', 'model__solver': 'lbfgs', 'model__tol': 0.001, 'vec__max_df': 0.9, 'vec__max_features': 50000, 'vec__min_df': 5, 'vec__ngram_range': (1, 2)}",0.6715820134716912,0.6663025669033316,0.6846896049517568,0.6751638747268754,0.6755280407865987,0.6746532201680507,0.006015327409859252,77,0.668861855360445,0.6641333378327597,0.6806302819581495,0.6725386882199221,0.6710283008483522,0.6714384928439256,0.0054013336300843305,77,0.6735985664191754,0.6680496996936541,0.6855139599745388,0.6768419297945538,0.6766256645420801,0.6761259640848004,0.005665872567331482,77
1.8106286525726318,0.3086759083777928,0.15605521202087402,0.04774937370897459,4.0,400,l2,lbfgs,0.001,0.9,20000,5,"(1, 2)","{'model__C': 4, 'model__max_iter': 400, 'model__penalty': 'l2', 'model__solver': 'lbfgs', 'model__tol': 0.001, 'vec__max_df': 0.9, 'vec__max_features': 20000, 'vec__min_df': 5, 'vec__ngram_range': (1, 2)}",0.6715820134716912,0.6663025669033316,0.6846896049517568,0.6751638747268754,0.6755280407865987,0.6746532201680507,0.006015327409859252,77,0.668861855360445,0.6641333378327597,0.6806302819581495,0.6725386882199221,0.6710283008483522,0.6714384928439256,0.0054013336300843305,77,0.6735985664191754,0.6680496996936541,0.6855139599745388,0.6768419297945538,0.6766256645420801,0.6761259640848004,0.005665872567331482,77
1.7238565921783446,0.17309479793111787,0.12580080032348634,0.019042363198851775,4.0,400,l2,lbfgs,0.001,0.95,20000,5,"(1, 2)","{'model__C': 4, 'model__max_iter': 400, 'model__penalty': 'l2', 'model__solver': 'lbfgs', 'model__tol': 0.001, 'vec__max_df': 0.95, 'vec__max_features': 20000, 'vec__min_df': 5, 'vec__ngram_range': (1, 2)}",0.6715820134716912,0.6663025669033316,0.6846896049517568,0.6751638747268754,0.6755280407865987,0.6746532201680507,0.006015327409859252,77,0.668861855360445,0.6641333378327597,0.6806302819581495,0.6725386882199221,0.6710283008483522,0.6714384928439256,0.0054013336300843305,77,0.6735985664191754,0.6680496996936541,0.6855139599745388,0.6768419297945538,0.6766256645420801,0.6761259640848004,0.005665872567331482,77
1.3255650520324707,0.042681930291279785,0.06887612342834473,0.014958765090354584,4.0,400,l2,lbfgs,0.001,0.95,50000,5,"(1, 2)","{'model__C': 4, 'model__max_iter': 400, 'model__penalty': 'l2', 'model__solver': 'lbfgs', 'model__tol': 0.001, 'vec__max_df': 0.95, 'vec__max_features': 50000, 'vec__min_df': 5, 'vec__ngram_range': (1, 2)}",0.6715820134716912,0.6663025669033316,0.6846896049517568,0.6751638747268754,0.6755280407865987,0.6746532201680507,0.006015327409859252,77,0.668861855360445,0.6641333378327597,0.6806302819581495,0.6725386882199221,0.6710283008483522,0.6714384928439256,0.0054013336300843305,77,0.6735985664191754,0.6680496996936541,0.6855139599745388,0.6768419297945538,0.6766256645420801,0.6761259640848004,0.005665872567331482,77
