mean_fit_time,std_fit_time,mean_score_time,std_score_time,param_model__class_weight,param_model__max_depth,param_model__min_samples_split,param_model__n_estimators,param_vec__analyzer,param_vec__max_df,param_vec__min_df,param_vec__ngram_range,params,split0_test_accuracy,split1_test_accuracy,split2_test_accuracy,split3_test_accuracy,split4_test_accuracy,mean_test_accuracy,std_test_accuracy,rank_test_accuracy,split0_test_recall_macro,split1_test_recall_macro,split2_test_recall_macro,split3_test_recall_macro,split4_test_recall_macro,mean_test_recall_macro,std_test_recall_macro,rank_test_recall_macro,split0_test_f1_macro,split1_test_f1_macro,split2_test_f1_macro,split3_test_f1_macro,split4_test_f1_macro,mean_test_f1_macro,std_test_f1_macro,rank_test_f1_macro
335.7670379161835,4.594577399059158,22.680024576187133,2.0488561309488413,balanced,,5,200,char_wb,0.9,1,"(3, 5)","{'model__class_weight': 'balanced', 'model__max_depth': None, 'model__min_samples_split': 5, 'model__n_estimators': 200, 'vec__analyzer': 'char_wb', 'vec__max_df': 0.9, 'vec__min_df': 1, 'vec__ngram_range': (3, 5)}",0.7176406335335882,0.7114509375568906,0.717276533770253,0.7155863073561544,0.7050254916241806,0.7133959807682133,0.00472697748812849,1,0.7149413256623122,0.7090590610821824,0.7146028396309495,0.7126136113282643,0.7014228458958535,0.7105279367199123,0.005009853267645229,1,0.7185291970504345,0.7117524712139138,0.7178057869798943,0.7150726747072422,0.7050675686200032,0.7136455397142976,0.00490631790689293,1
351.56525774002074,3.858309095416458,17.263277196884154,2.3876873285265297,balanced,,5,200,char_wb,1.0,1,"(3, 5)","{'model__class_weight': 'balanced', 'model__max_depth': None, 'model__min_samples_split': 5, 'model__n_estimators': 200, 'vec__analyzer': 'char_wb', 'vec__max_df': 1.0, 'vec__min_df': 1, 'vec__ngram_range': (3, 5)}",0.7169124340069178,0.7101765883852176,0.7187329328235936,0.7112163146394757,0.7072104879825201,0.7128497515675449,0.004306562937504343,3,0.7142537809838951,0.7079307934799264,0.7156797041354611,0.7069629969372899,0.7031123218783888,0.7095879194829923,0.004699994746707329,2,0.7175594945285035,0.710582108728086,0.7188766881093089,0.710119717440985,0.707134682626238,0.7128545382866244,0.004555498472324925,2
239.18106384277343,18.614199013255053,23.126357507705688,2.964462874253753,balanced,,5,200,char_wb,0.9,2,"(3, 5)","{'model__class_weight': 'balanced', 'model__max_depth': None, 'model__min_samples_split': 5, 'model__n_estimators': 200, 'vec__analyzer': 'char_wb', 'vec__max_df': 0.9, 'vec__min_df': 2, 'vec__ngram_range': (3, 5)}",0.7136355361369016,0.7107227380302202,0.7187329328235936,0.7132192279679533,0.7075746540422433,0.7127770178001824,0.003679407054846005,4,0.7110065280902429,0.7074817025684078,0.7155716428677129,0.7092520235193757,0.7037254739054225,0.7094074741902323,0.003913357569827859,3,0.7141452054086915,0.7105777545887877,0.7190108919851235,0.7121516517574396,0.7076205458601833,0.7127012099200452,0.003808449415200525,3
192.23783392906188,12.83608329866646,4.916988277435303,3.551380540825682,balanced,,5,200,char_wb,1.0,2,"(3, 5)","{'model__class_weight': 'balanced', 'model__max_depth': None, 'model__min_samples_split': 5, 'model__n_estimators': 200, 'vec__analyzer': 'char_wb', 'vec__max_df': 1.0, 'vec__min_df': 2, 'vec__ngram_range': (3, 5)}",0.7161842344802476,0.7103586382668852,0.7165483342435828,0.7115804806991989,0.706300072833212,0.7121943521046252,0.0038305491346162387,6,0.7132244313821431,0.7074791190398125,0.713674243209527,0.7077483977226908,0.7024738969469047,0.7089200176602156,0.004150469670437414,4,0.7166593560127881,0.7100966279374514,0.7169208779922052,0.7106301310701083,0.7063030774002019,0.7121220140825509,0.00409400768655929,4
172.0947433948517,8.397021791084818,11.615043687820435,3.4529952276927918,balanced,,5,100,char_wb,1.0,1,"(3, 5)","{'model__class_weight': 'balanced', 'model__max_depth': None, 'model__min_samples_split': 5, 'model__n_estimators': 100, 'vec__analyzer': 'char_wb', 'vec__max_df': 1.0, 'vec__min_df': 1, 'vec__ngram_range': (3, 5)}",0.7149098853085746,0.7119970872018934,0.718186783178591,0.708667152221413,0.705753823743627,0.7119029463308199,0.004400436845581361,9,0.7117890017930413,0.7098446055093454,0.7156185392040211,0.7043041999340199,0.7026800129627894,0.7088472718806434,0.004778558269627476,5,0.7154037250218054,0.7122514327644405,0.7188025073568163,0.707539058274676,0.7059181434874642,0.7119829733810404,0.004791872264275893,5
443.6168729305267,7.026925250632073,14.298062658309936,3.5143402806897903,,,5,200,char_wb,1.0,1,"(3, 5)","{'model__class_weight': None, 'model__max_depth': None, 'model__min_samples_split': 5, 'model__n_estimators': 200, 'vec__analyzer': 'char_wb', 'vec__max_df': 1.0, 'vec__min_df': 1, 'vec__ngram_range': (3, 5)}",0.7141816857819042,0.7139996359002366,0.7196431822319316,0.7126729788783686,0.7039329934450109,0.7128860952474904,0.005075040937880884,2,0.7076712791744234,0.7077657915808205,0.7129399434603855,0.7055163924058525,0.6971177012308117,0.7062022215704588,0.005157492591008767,12,0.7135734635993133,0.7133191237468308,0.718832800560652,0.7108849938403189,0.7028521700580924,0.7118925103610415,0.005210974955403911,6
631.8782861232758,26.31523213029667,15.301834630966187,6.705099212167457,balanced,,2,200,char_wb,1.0,1,"(3, 5)","{'model__class_weight': 'balanced', 'model__max_depth': None, 'model__min_samples_split': 2, 'model__n_estimators': 200, 'vec__analyzer': 'char_wb', 'vec__max_df': 1.0, 'vec__min_df': 1, 'vec__ngram_range': (3, 5)}",0.7145457855452394,0.7109047879118878,0.7145457855452394,0.7101238164603059,0.7112163146394757,0.7122672980204297,0.0018941237479604192,5,0.7087569030980774,0.7059165434887978,0.7094405571846497,0.7036664363142512,0.7056350614191231,0.7066831003009798,0.002130280871601658,10,0.714452059457971,0.7104886082265492,0.7144353958575538,0.7085917063864713,0.7107641128686909,0.7117463765594473,0.002325954073950581,7
143.2034194469452,3.8768853639182423,8.530989933013917,0.3972277149978419,balanced,,5,100,char_wb,1.0,2,"(3, 5)","{'model__class_weight': 'balanced', 'model__max_depth': None, 'model__min_samples_split': 5, 'model__n_estimators': 100, 'vec__analyzer': 'char_wb', 'vec__max_df': 1.0, 'vec__min_df': 2, 'vec__ngram_range': (3, 5)}",0.7156380848352448,0.7107227380302202,0.7170944838885854,0.7053896576839038,0.7072104879825201,0.7112110904840948,0.004568259740405941,14,0.7129623906088107,0.7084584604815819,0.7141046062134587,0.7017937203027177,0.7031647247585551,0.7080967804730249,0.004979009653146264,6,0.7161808610642565,0.7108327252165102,0.7174008996188368,0.704488810730295,0.7069919645326056,0.7111790522325008,0.005022757283698679,8
267.2214509963989,6.5487512272904285,6.864498853683472,0.6871129205345471,,,5,200,char_wb,1.0,2,"(3, 5)","{'model__class_weight': None, 'model__max_depth': None, 'model__min_samples_split': 5, 'model__n_estimators': 200, 'vec__analyzer': 'char_wb', 'vec__max_df': 1.0, 'vec__min_df': 2, 'vec__ngram_range': (3, 5)}",0.7130893864918988,0.7121791370835608,0.718186783178591,0.7119446467589221,0.7044792425345958,0.7119758392095138,0.00438308287026564,8,0.7069516735202078,0.707007267989927,0.7125793329370742,0.7045038512904837,0.6976763260824956,0.7057436903640377,0.004824964839000589,14,0.7127490837725302,0.7119231790696503,0.7178872716152469,0.7094852467069327,0.7036143896279351,0.711131834158459,0.004649750118453302,9
182.14094009399415,5.728727699913908,18.79280252456665,0.5567381097555428,balanced,,2,100,char_wb,1.0,2,"(3, 5)","{'model__class_weight': 'balanced', 'model__max_depth': None, 'model__min_samples_split': 2, 'model__n_estimators': 100, 'vec__analyzer': 'char_wb', 'vec__max_df': 1.0, 'vec__min_df': 2, 'vec__ngram_range': (3, 5)}",0.7132714363735664,0.7092663389768796,0.7136355361369016,0.7108521485797523,0.7097596504005826,0.7113570220935365,0.001790757256918942,13,0.7091343245328515,0.7051560331907153,0.7089298284334914,0.7057249242339217,0.7049781008649902,0.7067846422511941,0.0018526625223999507,9,0.7133162582829069,0.7088752320017986,0.713600418110283,0.7097193488538194,0.7094829709483493,0.7109988456394314,0.002028955576971933,10
449.8558351993561,3.7417212691400605,18.872440528869628,0.43540764361965256,,,5,200,char_wb,0.9,1,"(3, 5)","{'model__class_weight': None, 'model__max_depth': None, 'model__min_samples_split': 5, 'model__n_estimators': 200, 'vec__analyzer': 'char_wb', 'vec__max_df': 0.9, 'vec__min_df': 1, 'vec__ngram_range': (3, 5)}",0.7145457855452394,0.7114509375568906,0.7167303841252504,0.7130371449380918,0.7044792425345958,0.7120486989400137,0.004166164474032529,7,0.7077590440665388,0.7059238631492967,0.7104485398781213,0.7055811523677847,0.6981123923283307,0.7055649983580145,0.004106901407967671,16,0.7137135168984807,0.7108587100588522,0.7158279810892806,0.7106353805183893,0.7039030941507768,0.7109877365431558,0.004029660190177352,11
647.2888525009155,8.584054780059294,23.19268341064453,2.721138721225742,balanced,,2,200,char_wb,0.9,1,"(3, 5)","{'model__class_weight': 'balanced', 'model__max_depth': None, 'model__min_samples_split': 2, 'model__n_estimators': 200, 'vec__analyzer': 'char_wb', 'vec__max_df': 0.9, 'vec__min_df': 1, 'vec__ngram_range': (3, 5)}",0.7141816857819042,0.709084289095212,0.7187329328235936,0.7104879825200291,0.7055717407137655,0.7116117261869008,0.004504407594332291,10,0.7083484283965436,0.703303853592871,0.713678150994014,0.7046199344399859,0.699766362619833,0.7059433460086495,0.004743102183864837,13,0.7139745096484765,0.7082601483241041,0.7184736864055896,0.7090465656212676,0.7051170866441311,0.7109743993287138,0.0047038661077183665,12
120.52340097427368,0.3239078676022064,12.334529685974122,2.0354319220686543,balanced,,5,100,char_wb,0.9,2,"(3, 5)","{'model__class_weight': 'balanced', 'model__max_depth': None, 'model__min_samples_split': 5, 'model__n_estimators': 100, 'vec__analyzer': 'char_wb', 'vec__max_df': 0.9, 'vec__min_df': 2, 'vec__ngram_range': (3, 5)}",0.7127252867285636,0.7101765883852176,0.71600218459858,0.7115804806991989,0.7037509104151493,0.7108470901653419,0.004035983704254649,20,0.7105368765465946,0.7084490104721318,0.7136120509194547,0.7078441178698248,0.6997227484374015,0.7080329608490814,0.004618749378792596,7,0.7137353606570488,0.7100728653441585,0.7162052019677319,0.7108331699860658,0.7036943585096047,0.7109081912929219,0.004214118882170505,13
156.93240308761597,30.58674589479385,12.914935159683228,4.25639289417225,balanced,,5,100,char_wb,0.9,1,"(3, 5)","{'model__class_weight': 'balanced', 'model__max_depth': None, 'model__min_samples_split': 5, 'model__n_estimators': 100, 'vec__analyzer': 'char_wb', 'vec__max_df': 0.9, 'vec__min_df': 1, 'vec__ngram_range': (3, 5)}",0.7174585836519206,0.7059894411068632,0.7158201347169124,0.7119446467589221,0.703386744355426,0.7109199101180088,0.005456640889089644,19,0.7146514229256781,0.7039261724232823,0.7121288026808656,0.7088134388905597,0.6994948253303009,0.7078029324501374,0.005489808931708029,8,0.718026995636273,0.7059690188799251,0.7157631540821813,0.7113634186194403,0.7032361640126438,0.7108717502460927,0.005616120686879642,14
403.407882976532,3.288557939405031,15.454905796051026,4.9882342835064515,balanced,,2,200,char_wb,1.0,2,"(3, 5)","{'model__class_weight': 'balanced', 'model__max_depth': None, 'model__min_samples_split': 2, 'model__n_estimators': 200, 'vec__analyzer': 'char_wb', 'vec__max_df': 1.0, 'vec__min_df': 2, 'vec__ngram_range': (3, 5)}",0.713453486255234,0.7079919898052066,0.7170944838885854,0.7097596504005826,0.7075746540422433,0.7111748528783705,0.003614665915919571,15,0.7087670523603989,0.7033024940539391,0.7129914426780934,0.7042839341039855,0.701983012008719,0.7062655870410273,0.004063047627459994,11,0.7135177457131071,0.7074762056714351,0.7172564020825374,0.7081273636038222,0.7069685330432346,0.7106692500228273,0.004046146930486121,15
200.38126282691957,11.165845340392137,14.087379026412965,5.010913064975014,,,5,100,char_wb,0.9,1,"(3, 5)","{'model__class_weight': None, 'model__max_depth': None, 'model__min_samples_split': 5, 'model__n_estimators': 100, 'vec__analyzer': 'char_wb', 'vec__max_df': 0.9, 'vec__min_df': 1, 'vec__ngram_range': (3, 5)}",0.7163662843619152,0.7070817403968688,0.7169124340069178,0.7124908958485069,0.7046613255644574,0.7115025360357332,0.004903988045488458,12,0.7107025032624793,0.7010084076558064,0.7099665978507236,0.7059112656799033,0.6974537015668121,0.7050084952031449,0.0051165439791200015,20,0.7163773615464973,0.7061134221818121,0.7160163832279073,0.7109065390222377,0.703578457728661,0.710598432741423,0.0051427717038191574,16
306.6925724029541,15.747716736709936,20.87787256240845,1.6613295404825719,,,5,200,char_wb,0.9,2,"(3, 5)","{'model__class_weight': None, 'model__max_depth': None, 'model__min_samples_split': 5, 'model__n_estimators': 200, 'vec__analyzer': 'char_wb', 'vec__max_df': 0.9, 'vec__min_df': 2, 'vec__ngram_range': (3, 5)}",0.7149098853085746,0.7118150373202258,0.7149098853085746,0.7124908958485069,0.7035688273852877,0.7115389062342339,0.0041768813557495205,11,0.7083799189667571,0.7057766060656233,0.7092635981447101,0.7051024247682346,0.6969896496888784,0.7051024395268407,0.004343477224513074,19,0.7142776034740278,0.7110135222106114,0.7143993742535395,0.7102596031188207,0.7027887918206593,0.7105477789755318,0.004224883921009938,17
302.6641342163086,4.924686840966478,20.43554663658142,2.0818357513597414,balanced,,2,100,char_wb,1.0,1,"(3, 5)","{'model__class_weight': 'balanced', 'model__max_depth': None, 'model__min_samples_split': 2, 'model__n_estimators': 100, 'vec__analyzer': 'char_wb', 'vec__max_df': 1.0, 'vec__min_df': 1, 'vec__ngram_range': (3, 5)}",0.7143637356635718,0.7096304387402148,0.7141816857819042,0.7124908958485069,0.7042971595047341,0.7109927831077864,0.0037540410437784362,17,0.7085741891712939,0.7054761702160546,0.7082394038669033,0.7063997348059043,0.6989441146253487,0.7055267225371009,0.0034854304113577064,18,0.7141804533858945,0.7095751910262699,0.7137269353966453,0.7108529422221231,0.7038181161994941,0.7104307276460854,0.003729940129768658,18
395.0156015872955,8.369605653738828,20.11471743583679,2.9782651591205083,balanced,,2,200,char_wb,0.9,2,"(3, 5)","{'model__class_weight': 'balanced', 'model__max_depth': None, 'model__min_samples_split': 2, 'model__n_estimators': 200, 'vec__analyzer': 'char_wb', 'vec__max_df': 0.9, 'vec__min_df': 2, 'vec__ngram_range': (3, 5)}",0.7141816857819042,0.7105406881485528,0.7136355361369016,0.7092134013109979,0.706300072833212,0.7107742768423136,0.002908836126344778,22,0.7088700021371794,0.7061961007047711,0.7089461038624328,0.7039017094287017,0.7007355864682343,0.7057299005202639,0.0031211216007178103,15,0.7140605156934364,0.7103227492156527,0.713809595899289,0.7076434557613452,0.7056758469053678,0.7103024326950182,0.0033135856327610514,19
566.5211997032166,7.87935935017423,20.23620710372925,0.7661426907836637,,,2,200,char_wb,0.9,1,"(3, 5)","{'model__class_weight': None, 'model__max_depth': None, 'model__min_samples_split': 2, 'model__n_estimators': 200, 'vec__analyzer': 'char_wb', 'vec__max_df': 0.9, 'vec__min_df': 1, 'vec__ngram_range': (3, 5)}",0.713817586018569,0.7094483888585472,0.7158201347169124,0.7119446467589221,0.704843408594319,0.7111748329894539,0.0038006086133707605,16,0.7069209995495545,0.7031587268581488,0.7090743483436096,0.7042475538619497,0.6975797259858957,0.7041962709198317,0.003900707113867498,23,0.7135972700348026,0.7085714764054348,0.7151802287063718,0.7094333829639133,0.7037804912268214,0.7101125698674687,0.004018850213276314,20
361.8742042541504,6.069842920501114,22.040285110473633,1.4953455877661512,,,2,200,char_wb,0.9,2,"(3, 5)","{'model__class_weight': None, 'model__max_depth': None, 'model__min_samples_split': 2, 'model__n_estimators': 200, 'vec__analyzer': 'char_wb', 'vec__max_df': 0.9, 'vec__min_df': 2, 'vec__ngram_range': (3, 5)}",0.7136355361369016,0.7089022392135446,0.7156380848352448,0.7126729788783686,0.7030225782957028,0.7107742834719525,0.00445065967257714,21,0.7075617156606753,0.7032860035750209,0.7091804956219931,0.7054289750947849,0.6965550221334283,0.7044024424171805,0.004397567736633497,21,0.7134834422466376,0.7079866849600952,0.7153143481236984,0.7104367352610041,0.7022027732615447,0.7098847967705961,0.004590233695449178,21
162.24584946632385,14.120461182960984,17.56326518058777,2.715135190235651,balanced,,2,100,char_wb,0.9,2,"(3, 5)","{'model__class_weight': 'balanced', 'model__max_depth': None, 'model__min_samples_split': 2, 'model__n_estimators': 100, 'vec__analyzer': 'char_wb', 'vec__max_df': 0.9, 'vec__min_df': 2, 'vec__ngram_range': (3, 5)}",0.7123611869652284,0.7107227380302202,0.7141816857819042,0.7126729788783686,0.7004734158776402,0.7100824011066724,0.004928503252233254,25,0.7074417566906303,0.7067739715138558,0.7101931580801583,0.7084046726720249,0.695005463514461,0.7055638044942261,0.005403169801877006,17,0.7125418202877914,0.7104265493260433,0.7142311511971197,0.711888736496333,0.6998765458320252,0.7097929606278625,0.005106520507967335,22
636.8295827865601,7.902562510164985,13.872209882736206,0.44780010095105,,,2,200,char_wb,1.0,1,"(3, 5)","{'model__class_weight': None, 'model__max_depth': None, 'model__min_samples_split': 2, 'model__n_estimators': 200, 'vec__analyzer': 'char_wb', 'vec__max_df': 1.0, 'vec__min_df': 1, 'vec__ngram_range': (3, 5)}",0.7103586382668852,0.7089022392135446,0.7170944838885854,0.7132192279679533,0.7050254916241806,0.7109200161922298,0.004063063256142513,18,0.7029106568502659,0.7025892560574641,0.7106494303044602,0.7054425765222679,0.6980385764447461,0.7039260992358408,0.0041227195285676544,24,0.709351036161754,0.7078805780936485,0.7166040879358399,0.7110676269628357,0.7038456654361168,0.709749798918039,0.004176834664999028,23
151.75873222351075,10.162434890282444,15.781592988967896,2.647457551198113,,,2,100,char_wb,0.9,2,"(3, 5)","{'model__class_weight': None, 'model__max_depth': None, 'model__min_samples_split': 2, 'model__n_estimators': 100, 'vec__analyzer': 'char_wb', 'vec__max_df': 0.9, 'vec__min_df': 2, 'vec__ngram_range': (3, 5)}",0.7150919351902422,0.7109047879118878,0.7156380848352448,0.7088492352512746,0.7021121631463948,0.7105192412670088,0.004913829830706781,23,0.7095846852608959,0.7055130861489243,0.7094520411208363,0.7017549242484975,0.6956678198323442,0.7043945113222996,0.005232404554309096,22,0.7150396037795597,0.7101877992563791,0.7149264260413452,0.7064732455205164,0.701162140729239,0.7095578430654078,0.0052777038232698645,24
410.8026990890503,7.781995257307218,12.467067909240722,0.7451143875059233,,,2,200,char_wb,1.0,2,"(3, 5)","{'model__class_weight': None, 'model__max_depth': None, 'model__min_samples_split': 2, 'model__n_estimators': 200, 'vec__analyzer': 'char_wb', 'vec__max_df': 1.0, 'vec__min_df': 2, 'vec__ngram_range': (3, 5)}",0.7116329874385582,0.7130893864918988,0.7156380848352448,0.7112163146394757,0.6999271667880553,0.7103007880386466,0.0054127253851849405,24,0.7053650405848227,0.70727964109467,0.7090322594612076,0.70411959949235,0.6928091825264061,0.7037211446318913,0.005706188131795599,26,0.7115182813890769,0.7121443080522832,0.7150152639925412,0.7089200535764064,0.6987151245576039,0.7092626063135823,0.005618755362155737,25
163.38297924995422,4.96605671796305,9.678824472427369,1.9293705623740687,,,5,100,char_wb,0.9,2,"(3, 5)","{'model__class_weight': None, 'model__max_depth': None, 'model__min_samples_split': 5, 'model__n_estimators': 100, 'vec__analyzer': 'char_wb', 'vec__max_df': 0.9, 'vec__min_df': 2, 'vec__ngram_range': (3, 5)}",0.7119970872018934,0.711268887675223,0.7136355361369016,0.7126729788783686,0.7002913328477786,0.7099731645480329,0.004903365976070578,26,0.7065958245233775,0.7059897866256248,0.7082288225226003,0.7053848750506848,0.6931211543036736,0.7038640926051922,0.0054544533033111025,25,0.7119636193411559,0.7106357309030974,0.7134272377278328,0.7104990415371749,0.6988583492737189,0.709076795756596,0.005217850249446888,26
148.42663106918334,32.890482087432865,12.058572053909302,4.178551760760555,,,5,100,char_wb,1.0,2,"(3, 5)","{'model__class_weight': None, 'model__max_depth': None, 'model__min_samples_split': 5, 'model__n_estimators': 100, 'vec__analyzer': 'char_wb', 'vec__max_df': 1.0, 'vec__min_df': 2, 'vec__ngram_range': (3, 5)}",0.7116329874385582,0.7070817403968688,0.7141816857819042,0.7106700655498908,0.7055717407137655,0.7098276439761975,0.0031170280145325553,27,0.706331389035861,0.7012508749502969,0.7075785728490497,0.7038613721133,0.6989575217081644,0.7035959461313344,0.0031758071220425077,27,0.7116649571973458,0.7065105289065968,0.7132328005937163,0.7084664164417971,0.7044731798922305,0.7088695766063373,0.0032220435890396894,27
245.92643542289733,1.9892441168305788,16.90078854560852,1.1892300343237634,balanced,,2,100,char_wb,0.9,1,"(3, 5)","{'model__class_weight': 'balanced', 'model__max_depth': None, 'model__min_samples_split': 2, 'model__n_estimators': 100, 'vec__analyzer': 'char_wb', 'vec__max_df': 0.9, 'vec__min_df': 1, 'vec__ngram_range': (3, 5)}",0.7114509375568906,0.7079919898052066,0.714727835426907,0.7097596504005826,0.7017479970866716,0.7091356820552517,0.004310634408616852,31,0.7058037719638426,0.7030819938334388,0.7099789654951779,0.7029575641400835,0.6960207173574783,0.7035686025580042,0.004553448413200763,28,0.7116974376290147,0.7075940129194366,0.7147720924652846,0.7080679817916254,0.7009526957122101,0.7086168441035143,0.004636027241009182,28
255.2433717250824,3.917613936614404,10.347253513336181,0.16373352334793898,,,2,100,char_wb,1.0,1,"(3, 5)","{'model__class_weight': None, 'model__max_depth': None, 'model__min_samples_split': 2, 'model__n_estimators': 100, 'vec__analyzer': 'char_wb', 'vec__max_df': 1.0, 'vec__min_df': 1, 'vec__ngram_range': (3, 5)}",0.7107227380302202,0.7103586382668852,0.7150919351902422,0.7070284049526584,0.7041150764748726,0.7094633585829757,0.0037040938869872487,28,0.7034431964527835,0.7048421354779736,0.7086095204924304,0.6995236963103287,0.6971996256057954,0.7027236348678623,0.004010081006524052,31,0.7101042740342027,0.7094706554108857,0.7145104362589163,0.7052546470233535,0.7030158484731612,0.7084711722401039,0.004006127552628544,29
209.9379331588745,3.5601456723919918,9.182500648498536,0.9864033532055558,,,5,100,char_wb,1.0,1,"(3, 5)","{'model__class_weight': None, 'model__max_depth': None, 'model__min_samples_split': 5, 'model__n_estimators': 100, 'vec__analyzer': 'char_wb', 'vec__max_df': 1.0, 'vec__min_df': 1, 'vec__ngram_range': (3, 5)}",0.7141816857819042,0.70999453850355,0.7123611869652284,0.7083029861616897,0.702476329206118,0.7094633453236983,0.004027585298052262,29,0.7075418744497727,0.7040744410686607,0.7058810362585705,0.70079524758188,0.6957159741221437,0.7028017146962056,0.0041905798633769505,30,0.7138585672826442,0.7089676639309408,0.7113083481805846,0.7062557334171666,0.7015594190700968,0.7083899463762866,0.004241877167415796,30
152.228089761734,54.73410996300548,11.73133988380432,4.965096187411448,,,2,100,char_wb,1.0,2,"(3, 5)","{'model__class_weight': None, 'model__max_depth': None, 'model__min_samples_split': 2, 'model__n_estimators': 100, 'vec__analyzer': 'char_wb', 'vec__max_df': 1.0, 'vec__min_df': 2, 'vec__ngram_range': (3, 5)}",0.713817586018569,0.7101765883852176,0.7129073366102312,0.7083029861616897,0.7006554989075018,0.7091719992166419,0.004686776776870576,30,0.7076034885953413,0.7047008385158674,0.7068201821019927,0.7012079708737806,0.693905772311942,0.7028476504797847,0.0049895700004467716,29,0.7137016502108328,0.70950787842181,0.7124443102825335,0.7061521060997068,0.6997418620541582,0.7083095614138082,0.0050133186454439605,31
219.2688024997711,1.1289713906068681,12.792369413375855,1.1025731059369128,,,2,100,char_wb,0.9,1,"(3, 5)","{'model__class_weight': None, 'model__max_depth': None, 'model__min_samples_split': 2, 'model__n_estimators': 100, 'vec__analyzer': 'char_wb', 'vec__max_df': 0.9, 'vec__min_df': 1, 'vec__ngram_range': (3, 5)}",0.7079919898052066,0.708720189331877,0.7149098853085746,0.7097596504005826,0.7017479970866716,0.7086259423865825,0.0042069024808892306,32,0.7009595837600662,0.702359759007158,0.7081916368610144,0.7018558458147147,0.6942541297297081,0.7015241910345323,0.004437016459952585,32,0.7074593830988846,0.7076179655096185,0.7142832976945045,0.707741138031194,0.7005834392081075,0.7075370447084619,0.004334023359242386,32
226.63730697631837,12.957683793615852,19.109776115417482,1.8047951911278468,balanced,,5,200,char_wb,1.0,2,"(2, 4)","{'model__class_weight': 'balanced', 'model__max_depth': None, 'model__min_samples_split': 5, 'model__n_estimators': 200, 'vec__analyzer': 'char_wb', 'vec__max_df': 1.0, 'vec__min_df': 2, 'vec__ngram_range': (2, 4)}",0.699253595485163,0.6885126524667758,0.6950664482068086,0.6935542607428987,0.6842680262199563,0.6921309966243204,0.005220970969066646,33,0.6886923614340917,0.6785428259416699,0.6843929424841161,0.6831078881207416,0.6734615770605488,0.6816395190082336,0.0052143700946576405,33,0.6977178162495351,0.6860223602834016,0.6928099100414915,0.6906709964270569,0.6817180428186201,0.689787825164021,0.0055153940923952675,33
220.3886025905609,36.96072588896674,27.187933731079102,4.1911797330868765,balanced,,5,200,char_wb,0.9,1,"(2, 4)","{'model__class_weight': 'balanced', 'model__max_depth': None, 'model__min_samples_split': 5, 'model__n_estimators': 200, 'vec__analyzer': 'char_wb', 'vec__max_df': 0.9, 'vec__min_df': 1, 'vec__ngram_range': (2, 4)}",0.693610049153468,0.686328053886765,0.6967048971418168,0.6884559359067735,0.6891842680262199,0.6908566408230087,0.0037643505126413093,35,0.6822941916866004,0.6770275914784586,0.6865093741034919,0.6779459372004358,0.6788137239294052,0.6805181636796783,0.0034858122737330345,35,0.6916600254853278,0.6844249146428932,0.6946606060231453,0.6854197474144549,0.6868918212886804,0.6886114229709003,0.003912985245924614,34
240.15814099311828,3.078583625752263,22.011653995513917,1.154541560830664,balanced,,5,200,char_wb,0.9,2,"(2, 4)","{'model__class_weight': 'balanced', 'model__max_depth': None, 'model__min_samples_split': 5, 'model__n_estimators': 200, 'vec__analyzer': 'char_wb', 'vec__max_df': 0.9, 'vec__min_df': 2, 'vec__ngram_range': (2, 4)}",0.6919716002184598,0.6899690515201166,0.6972510467868196,0.6880917698470502,0.6873634377276038,0.69092938122001,0.003542312815288853,34,0.6815018729228036,0.6808904623933526,0.687271544945823,0.6774051623666019,0.6761264554323679,0.6806390996121897,0.00388893815170607,34,0.6903997338416238,0.687858262161734,0.6953317902793641,0.6848987458001775,0.6844932390720174,0.6885963542309834,0.00399176449204839,35
258.59115610122683,3.204872264949702,20.665785360336304,0.7879467482846623,balanced,,5,200,char_wb,1.0,1,"(2, 4)","{'model__class_weight': 'balanced', 'model__max_depth': None, 'model__min_samples_split': 5, 'model__n_estimators': 200, 'vec__analyzer': 'char_wb', 'vec__max_df': 1.0, 'vec__min_df': 1, 'vec__ngram_range': (2, 4)}",0.6912434006917896,0.6866921536501002,0.6979792463134898,0.6855426074289876,0.6869992716678806,0.6896913359504495,0.004572802555634909,36,0.6804156986038512,0.6774580615621079,0.6873155637787409,0.6745824194410313,0.6753094088569666,0.6790162304485395,0.0046187561417381645,36,0.6898598635048647,0.6842123858565201,0.695550142045958,0.68180977530213,0.6833601348412793,0.6869584603101504,0.005083954444019516,36
117.62695360183716,14.223496429972192,10.28357481956482,3.1362848524299474,balanced,,5,100,char_wb,1.0,1,"(2, 4)","{'model__class_weight': 'balanced', 'model__max_depth': None, 'model__min_samples_split': 5, 'model__n_estimators': 100, 'vec__analyzer': 'char_wb', 'vec__max_df': 1.0, 'vec__min_df': 1, 'vec__ngram_range': (2, 4)}",0.6919716002184598,0.6879665028217732,0.6892408519934462,0.6880917698470502,0.6846321922796795,0.6883805834320817,0.0023639279104008524,38,0.6814419499837032,0.6789478168090884,0.6793443036621415,0.6780666630281026,0.674450872394317,0.6784503211754705,0.0022864528705093955,37,0.6898349629183905,0.6857678677660904,0.6873059429239334,0.6844073340501852,0.6819917048781449,0.6858615625073489,0.0026447496212213223,37
106.9162434577942,0.903625234111899,17.21282114982605,0.18670430596964843,balanced,,5,100,char_wb,0.9,2,"(2, 4)","{'model__class_weight': 'balanced', 'model__max_depth': None, 'model__min_samples_split': 5, 'model__n_estimators': 100, 'vec__analyzer': 'char_wb', 'vec__max_df': 0.9, 'vec__min_df': 2, 'vec__ngram_range': (2, 4)}",0.6903331512834516,0.684143455306754,0.6956125978518114,0.6911871813546977,0.6800801165331392,0.6882713004659708,0.0054914995645649976,39,0.6806727037548398,0.6744585484469878,0.6855166873637842,0.6809953588873897,0.6694631001828945,0.6782212797271792,0.005617683208433872,38,0.6885608308279855,0.681370171218663,0.6935337706475405,0.6876886893096562,0.6774560649481499,0.6857219053903989,0.005660648089028937,38
331.45890221595766,2.480343858704274,18.858803033828735,0.7080616058535687,balanced,,2,200,char_wb,0.9,2,"(2, 4)","{'model__class_weight': 'balanced', 'model__max_depth': None, 'model__min_samples_split': 2, 'model__n_estimators': 200, 'vec__analyzer': 'char_wb', 'vec__max_df': 0.9, 'vec__min_df': 2, 'vec__ngram_range': (2, 4)}",0.6877844529401056,0.6865101037684326,0.6972510467868196,0.6890021849963583,0.6819009468317553,0.6884897470646943,0.004997032746478883,37,0.6749616013617383,0.674368950380511,0.6851342190549542,0.6768020487814832,0.6695308400963927,0.676159531935016,0.005089962912476594,40,0.6851486896956634,0.6824238139549288,0.6949346206526693,0.6853756919347015,0.6785001765620141,0.6852765985599955,0.005428846028663779,39
418.9928007602692,3.1494305123988613,21.21603407859802,0.37603677540362285,balanced,,2,200,char_wb,1.0,1,"(2, 4)","{'model__class_weight': 'balanced', 'model__max_depth': None, 'model__min_samples_split': 2, 'model__n_estimators': 200, 'vec__analyzer': 'char_wb', 'vec__max_df': 1.0, 'vec__min_df': 1, 'vec__ngram_range': (2, 4)}",0.6908793009284544,0.686328053886765,0.691061350810122,0.6873634377276038,0.6851784413692644,0.6881621169444418,0.0023955225542555566,40,0.6765339991141497,0.6738725568205336,0.6781480854875145,0.6746410737413308,0.6722452142760625,0.6750881858879182,0.0020597821405026777,41,0.687257508962689,0.68272547150542,0.6878303785945342,0.6835822949617884,0.6818104527778215,0.6846412213604506,0.002442144880000694,40
118.69809846878051,11.076428557032656,20.209599828720094,3.117685142254912,balanced,,5,100,char_wb,1.0,2,"(2, 4)","{'model__class_weight': 'balanced', 'model__max_depth': None, 'model__min_samples_split': 5, 'model__n_estimators': 100, 'vec__analyzer': 'char_wb', 'vec__max_df': 1.0, 'vec__min_df': 2, 'vec__ngram_range': (2, 4)}",0.6914254505734572,0.680320407791735,0.6879665028217732,0.6886380189366351,0.6855426074289876,0.6867785975105175,0.00373356924088452,45,0.6816047096077398,0.6717132792277299,0.6779843168781549,0.677956267159352,0.6746848768699668,0.6767886899485887,0.003351794418227817,39,0.6900261368078464,0.678209253168804,0.6855720122422141,0.6847228329106381,0.6826877495449581,0.6842435969348921,0.0038539872215557196,41
163.04172263145446,5.832947236753325,21.916161823272706,1.555528166893375,balanced,,2,100,char_wb,1.0,2,"(2, 4)","{'model__class_weight': 'balanced', 'model__max_depth': None, 'model__min_samples_split': 2, 'model__n_estimators': 100, 'vec__analyzer': 'char_wb', 'vec__max_df': 1.0, 'vec__min_df': 2, 'vec__ngram_range': (2, 4)}",0.689787001638449,0.6839614054250864,0.6908793009284544,0.6837217771303714,0.6855426074289876,0.6867784185102698,0.002989135571464136,46,0.6776303427057101,0.6724320990216944,0.6796829287107213,0.6712894218035607,0.6741798020718329,0.6750429188627038,0.003158307918583773,42,0.6877144513870395,0.6806256357610305,0.6885990914441895,0.6798183549042204,0.6827834705276047,0.6839082008048168,0.0036127299771506723,42
327.9839345932007,2.361361221345235,21.80653100013733,1.6117574957269605,balanced,,2,200,char_wb,1.0,2,"(2, 4)","{'model__class_weight': 'balanced', 'model__max_depth': None, 'model__min_samples_split': 2, 'model__n_estimators': 200, 'vec__analyzer': 'char_wb', 'vec__max_df': 1.0, 'vec__min_df': 2, 'vec__ngram_range': (2, 4)}",0.6912434006917896,0.6837793555434188,0.691061350810122,0.6866351056081573,0.6831755280407866,0.6871789481388548,0.0034488604509801558,43,0.6779015050220383,0.672275391928571,0.6788002651115811,0.6733880580924283,0.6713066833889455,0.6747343807087127,0.0030387632917839237,43,0.6880889255703306,0.6805594229123861,0.6884192967273185,0.6819015995928868,0.6801702005120801,0.6838278890630004,0.0036608633979616154,43
263.84065713882444,11.038257935188671,17.894502115249633,3.5307109311933282,,,5,200,char_wb,1.0,2,"(2, 4)","{'model__class_weight': None, 'model__max_depth': None, 'model__min_samples_split': 5, 'model__n_estimators': 200, 'vec__analyzer': 'char_wb', 'vec__max_df': 1.0, 'vec__min_df': 2, 'vec__ngram_range': (2, 4)}",0.689787001638449,0.6861460040050974,0.6952484980884762,0.6866351056081573,0.6806263656227239,0.6876885949925807,0.004794162195441027,41,0.6752812834518312,0.6721615305430335,0.681243776921208,0.6722754510672249,0.6668338300729045,0.6735591744112405,0.004708511139614679,47,0.6860448571770911,0.681231992491508,0.691393228573607,0.6810207879446281,0.6760730360950671,0.6831527804563802,0.005188963126268944,44
149.05648651123047,15.818308539275879,23.87164249420166,3.4930774157711673,balanced,,2,100,char_wb,0.9,2,"(2, 4)","{'model__class_weight': 'balanced', 'model__max_depth': None, 'model__min_samples_split': 2, 'model__n_estimators': 100, 'vec__analyzer': 'char_wb', 'vec__max_df': 0.9, 'vec__min_df': 2, 'vec__ngram_range': (2, 4)}",0.684143455306754,0.6817768068450756,0.6925177498634626,0.6875455207574654,0.6835396941005099,0.6859046453746535,0.0037989329794676477,50,0.6709882621790341,0.6716423019891228,0.6811901402580128,0.6763015140907171,0.6715704037040799,0.6743385244441933,0.003923119493896759,45,0.6811058155433568,0.6791309995604683,0.6900249516639102,0.6841585150324277,0.6801513844542842,0.6829143332508896,0.003932610295600076,45
307.241108751297,16.05033036174976,21.5783860206604,3.548093286076241,,,2,200,char_wb,0.9,2,"(2, 4)","{'model__class_weight': None, 'model__max_depth': None, 'model__min_samples_split': 2, 'model__n_estimators': 200, 'vec__analyzer': 'char_wb', 'vec__max_df': 0.9, 'vec__min_df': 2, 'vec__ngram_range': (2, 4)}",0.6919716002184598,0.685053704715092,0.6926997997451302,0.6880917698470502,0.679169701383831,0.6873973151819126,0.004953964720327455,42,0.6777236936154676,0.6706784758807881,0.6783977093562324,0.6731920776907923,0.664278764535834,0.6728541442158229,0.005154192356035776,49,0.6884381239826562,0.6799352096248487,0.6891950222252813,0.6819904733195759,0.673728669169427,0.6826574996643578,0.005722492812663681,46
288.8080470085144,1.011094718399017,16.2589732170105,0.4610514992954721,,,5,200,char_wb,0.9,2,"(2, 4)","{'model__class_weight': None, 'model__max_depth': None, 'model__min_samples_split': 5, 'model__n_estimators': 200, 'vec__analyzer': 'char_wb', 'vec__max_df': 0.9, 'vec__min_df': 2, 'vec__ngram_range': (2, 4)}",0.6877844529401056,0.6859639541234298,0.6914254505734572,0.6868171886380189,0.6833576110706482,0.6870697314691319,0.0026286679124419023,44,0.6730415615280118,0.6723177844565127,0.6774910824483897,0.6712631771757737,0.6687257619134227,0.6725678735044222,0.0028631788337168214,50,0.6836307695016153,0.6813442982484564,0.687708894438733,0.6802642299346865,0.6782012224284375,0.6822298829103858,0.0032514675967131998,47
390.21819577217104,10.9209790937282,22.979317903518677,3.4210089464512707,balanced,,2,200,char_wb,0.9,1,"(2, 4)","{'model__class_weight': 'balanced', 'model__max_depth': None, 'model__min_samples_split': 2, 'model__n_estimators': 200, 'vec__analyzer': 'char_wb', 'vec__max_df': 0.9, 'vec__min_df': 1, 'vec__ngram_range': (2, 4)}",0.6874203531767704,0.6835973056617514,0.6916075004551248,0.6831755280407866,0.6835396941005099,0.6858680762869886,0.0032612308173820908,52,0.6730694234913136,0.6712520940844641,0.6791301908829191,0.6694493098092069,0.6697846245404087,0.6725371285616625,0.003535930579260005,51,0.6835765488480109,0.680114249886925,0.688466457459521,0.6783627887518823,0.6787116308922462,0.6818463351677171,0.003788964092830175,48
183.34612588882447,15.20414237098842,14.357597923278808,2.584640881112604,balanced,,5,100,char_wb,0.9,1,"(2, 4)","{'model__class_weight': 'balanced', 'model__max_depth': None, 'model__min_samples_split': 5, 'model__n_estimators': 100, 'vec__analyzer': 'char_wb', 'vec__max_df': 0.9, 'vec__min_df': 1, 'vec__ngram_range': (2, 4)}",0.6835973056617514,0.686328053886765,0.6916075004551248,0.6811726147123088,0.6786234522942461,0.6842657854020392,0.004472230410032029,56,0.6729976250092133,0.6778477859402715,0.681900636309968,0.6709987901504612,0.6683143018618597,0.6744118278543547,0.0048727133988692465,44,0.6817834897828882,0.6844511531225342,0.6895646022063322,0.6776127796101289,0.6757008061215032,0.6818225661686773,0.004940614684226499,49
140.05743069648742,2.928458939270963,12.582931995391846,4.16659063910761,,,2,100,char_wb,1.0,2,"(2, 4)","{'model__class_weight': None, 'model__max_depth': None, 'model__min_samples_split': 2, 'model__n_estimators': 100, 'vec__analyzer': 'char_wb', 'vec__max_df': 1.0, 'vec__min_df': 2, 'vec__ngram_range': (2, 4)}",0.6890588021117786,0.6852357545967596,0.6892408519934462,0.6862709395484341,0.6804442825928624,0.6860501261686562,0.0032053175824487824,49,0.6746851722930147,0.6724358984474591,0.6755898707726266,0.6722106911052926,0.6667794000698885,0.6723402065376562,0.0030661924856290193,52,0.6851556601074829,0.6808551277770305,0.6853275132131004,0.6811484530684683,0.6760056856665244,0.6816984879665213,0.0034218023402205157,50
154.5552025318146,2.531845880162795,14.413881015777587,0.9495684879709844,,,5,100,char_wb,0.9,2,"(2, 4)","{'model__class_weight': None, 'model__max_depth': None, 'model__min_samples_split': 5, 'model__n_estimators': 100, 'vec__analyzer': 'char_wb', 'vec__max_df': 0.9, 'vec__min_df': 2, 'vec__ngram_range': (2, 4)}",0.689787001638449,0.6832332058984162,0.691061350810122,0.6880917698470502,0.6788055353241078,0.686195772703629,0.004550999699880338,48,0.6750289346270799,0.6708306430849783,0.6770387339697265,0.6735158181173605,0.664478604838502,0.6721785469275294,0.004350640764328438,54,0.6855870376503984,0.6788581969288111,0.6873408178980908,0.6826445354093309,0.6738515921655223,0.6816564360104307,0.004847347656611602,51
323.8282253742218,17.828044565750606,29.230335903167724,5.808011849134224,,,2,200,char_wb,1.0,2,"(2, 4)","{'model__class_weight': None, 'model__max_depth': None, 'model__min_samples_split': 2, 'model__n_estimators': 200, 'vec__analyzer': 'char_wb', 'vec__max_df': 1.0, 'vec__min_df': 2, 'vec__ngram_range': (2, 4)}",0.6892408519934462,0.6821409066084108,0.6883306025851084,0.6906409322651129,0.6809905316824472,0.686268765026905,0.003926812543874257,47,0.6748352548384146,0.6680688530399513,0.6743015983420796,0.6759590490952959,0.6662928608944033,0.6718915232420289,0.003923687342870512,55,0.6854282348102965,0.6771610707217848,0.6844318293488693,0.684851089875771,0.675759608658975,0.6815263666831393,0.004172082919376854,52
27.876507902145384,1.799313895258204,6.749078607559204,1.4579063525465927,balanced,20,2,200,char_wb,0.9,1,"(3, 5)","{'model__class_weight': 'balanced', 'model__max_depth': 20, 'model__min_samples_split': 2, 'model__n_estimators': 200, 'vec__analyzer': 'char_wb', 'vec__max_df': 0.9, 'vec__min_df': 1, 'vec__ngram_range': (3, 5)}",0.6845075550700892,0.6823229564900782,0.6868742035317678,0.6773488710852149,0.6775309541150765,0.6817169080584453,0.003777688697067213,63,0.6771337838468141,0.6754459884517688,0.6789886413206366,0.6690881958234143,0.6686808682952642,0.6738674955475796,0.00422206634810633,46,0.6845814441497944,0.6815280703445491,0.6868307416707778,0.6760595974618026,0.6762221557138285,0.6810444018681505,0.004343470146117897,53
323.40283012390137,1.060158278825443,16.376329040527345,0.3461645241802572,,,5,200,char_wb,1.0,1,"(2, 4)","{'model__class_weight': None, 'model__max_depth': None, 'model__min_samples_split': 5, 'model__n_estimators': 200, 'vec__analyzer': 'char_wb', 'vec__max_df': 1.0, 'vec__min_df': 1, 'vec__ngram_range': (2, 4)}",0.6877844529401056,0.6837793555434188,0.6916075004551248,0.6860888565185724,0.6802621995630007,0.6859044730040444,0.0038064213574737376,51,0.6725115497418092,0.66970021478692,0.6768636889191512,0.6701383102411379,0.6653718885081353,0.6709171304394307,0.0037614062090586043,58,0.6835037771222753,0.6784317410129773,0.6872977917192019,0.6793894188522431,0.6751701632799239,0.6807585783973243,0.00421465492077265,54
375.44631271362306,6.108185311235162,19.02050414085388,0.709014541679112,,,2,200,char_wb,0.9,1,"(2, 4)","{'model__class_weight': None, 'model__max_depth': None, 'model__min_samples_split': 2, 'model__n_estimators': 200, 'vec__analyzer': 'char_wb', 'vec__max_df': 0.9, 'vec__min_df': 1, 'vec__ngram_range': (2, 4)}",0.6879665028217732,0.6855998543600946,0.6908793009284544,0.6819009468317553,0.6798980335032775,0.6852489276890711,0.0039761919308200664,53,0.672769941897943,0.6716602572093903,0.6764802382126794,0.665759538638716,0.6648069879432348,0.6702953927803927,0.00440306987719011,60,0.6837175378142814,0.6813341720663564,0.6871588888216684,0.6747449247792489,0.6746487679926364,0.6803208582948382,0.004951495552049284,55
191.69741983413695,1.794920168246838,13.969546890258789,0.167830539218881,balanced,,2,100,char_wb,0.9,1,"(2, 4)","{'model__class_weight': 'balanced', 'model__max_depth': None, 'model__min_samples_split': 2, 'model__n_estimators': 100, 'vec__analyzer': 'char_wb', 'vec__max_df': 0.9, 'vec__min_df': 1, 'vec__ngram_range': (2, 4)}",0.6868742035317678,0.6834152557800838,0.6859639541234298,0.679169701383831,0.6802621995630007,0.6831370628764226,0.0030344594897821413,58,0.6742469182380222,0.6718647585699609,0.6739476933008874,0.6665462755437047,0.6685797577828426,0.6710370806870836,0.0030221032497371497,57,0.6843908569123439,0.6806968506903212,0.6832726686296647,0.674578414000211,0.677124467153788,0.6800126514772658,0.0036915327134467548,56
35.73229079246521,34.46960591652239,8.94552788734436,6.319958273179144,balanced,20,5,200,char_wb,1.0,1,"(3, 5)","{'model__class_weight': 'balanced', 'model__max_depth': 20, 'model__min_samples_split': 5, 'model__n_estimators': 200, 'vec__analyzer': 'char_wb', 'vec__max_df': 1.0, 'vec__min_df': 1, 'vec__ngram_range': (3, 5)}",0.6845075550700892,0.6801383579100674,0.6883306025851084,0.6766205389657683,0.6738892935178441,0.6806972696097755,0.00521664070262749,65,0.6780759389620356,0.6732054824540374,0.6815745515560462,0.6673425596304775,0.6648249243364924,0.6730046913878178,0.006295533295372206,48,0.6849654091052026,0.6796441810104064,0.6882583673243935,0.6747154534309013,0.672474703041671,0.6800116227825149,0.005958831712787937,57
33.678328943252566,3.889008092497793,8.238305759429931,1.1574947802596218,balanced,20,2,200,char_wb,1.0,1,"(3, 5)","{'model__class_weight': 'balanced', 'model__max_depth': 20, 'model__min_samples_split': 2, 'model__n_estimators': 200, 'vec__analyzer': 'char_wb', 'vec__max_df': 1.0, 'vec__min_df': 1, 'vec__ngram_range': (3, 5)}",0.675951210631713,0.6743127616967048,0.6837793555434188,0.6846321922796795,0.6809905316824472,0.6799332103667928,0.004133689810450858,66,0.6687402402581419,0.6660768209901158,0.6764849150549085,0.6766926921168567,0.673372685969087,0.672273470877822,0.004227439903198382,53,0.6761356582265629,0.6727745166197154,0.6840963590806061,0.6837126214998434,0.6802893883802144,0.6794017087613884,0.0043817450209401474,58
384.672829580307,10.788461723015617,18.759809923171996,3.8143542567347954,,,2,200,char_wb,1.0,1,"(2, 4)","{'model__class_weight': None, 'model__max_depth': None, 'model__min_samples_split': 2, 'model__n_estimators': 200, 'vec__analyzer': 'char_wb', 'vec__max_df': 1.0, 'vec__min_df': 1, 'vec__ngram_range': (2, 4)}",0.6868742035317678,0.6839614054250864,0.6859639541234298,0.6824471959213402,0.6822651128914785,0.6843023743786205,0.001848433593287128,55,0.6709914334722055,0.6697467547178529,0.671029011713053,0.6660535632257997,0.6671234117249542,0.668988834970773,0.002041704598788642,67,0.6820501254170285,0.6790201885679618,0.6818627694895496,0.6755422921593183,0.6769302671613312,0.6790811285590379,0.0025963724735751487,59
306.1962085723877,14.816128027208416,20.322255992889403,3.6685556309598715,,,5,200,char_wb,0.9,1,"(2, 4)","{'model__class_weight': None, 'model__max_depth': None, 'model__min_samples_split': 5, 'model__n_estimators': 200, 'vec__analyzer': 'char_wb', 'vec__max_df': 0.9, 'vec__min_df': 1, 'vec__ngram_range': (2, 4)}",0.6857819042417622,0.6812306572000728,0.6848716548334244,0.6869992716678806,0.6826292789512017,0.6843025533788683,0.002098620423754482,54,0.6706040738948748,0.6670448147326761,0.6701959971868628,0.6712418613446891,0.6673637890861541,0.6692901072490514,0.0017383054463702195,64,0.6815387958457384,0.675552116378829,0.6806117038380456,0.6802679450577201,0.6771897750666339,0.6790320672373934,0.0022720225576897783,60
195.6119288921356,6.222091589249603,18.980461978912352,0.44598268812121356,balanced,,2,100,char_wb,1.0,1,"(2, 4)","{'model__class_weight': 'balanced', 'model__max_depth': None, 'model__min_samples_split': 2, 'model__n_estimators': 100, 'vec__analyzer': 'char_wb', 'vec__max_df': 1.0, 'vec__min_df': 1, 'vec__ngram_range': (2, 4)}",0.6859639541234298,0.6764973602767158,0.686328053886765,0.6795338674435543,0.6844501092498179,0.6825546689960567,0.003879963487192516,60,0.6729107898085025,0.6647281806241344,0.6742327455308786,0.6674240278353389,0.6720373626543292,0.6702666212906367,0.0035947727657104265,61,0.6832987364881641,0.6721142183963541,0.683547627532719,0.6751064654121319,0.6809971180233184,0.6790128331705375,0.0045982889948063006,61
16.504696798324584,6.430560984044518,7.273199605941772,1.9126065670837356,balanced,20,5,200,char_wb,0.9,1,"(3, 5)","{'model__class_weight': 'balanced', 'model__max_depth': 20, 'model__min_samples_split': 5, 'model__n_estimators': 200, 'vec__analyzer': 'char_wb', 'vec__max_df': 0.9, 'vec__min_df': 1, 'vec__ngram_range': (3, 5)}",0.6783178590933916,0.6752230111050428,0.6846896049517568,0.6806263656227239,0.6778951201747997,0.679350392189543,0.0031734686691569317,68,0.6707754296232586,0.667138402398518,0.6764858336079437,0.6726246479459848,0.6693256661122985,0.6712699959376007,0.003166547777887447,56,0.6783951588508251,0.674315695609978,0.6839532641054232,0.6795432576371723,0.6768254989404578,0.6786065750287713,0.0031966555463657197,62
155.67182397842407,14.370759217288981,15.660347700119019,2.895956586371929,,,5,100,char_wb,1.0,2,"(2, 4)","{'model__class_weight': None, 'model__max_depth': None, 'model__min_samples_split': 5, 'model__n_estimators': 100, 'vec__analyzer': 'char_wb', 'vec__max_df': 1.0, 'vec__min_df': 2, 'vec__ngram_range': (2, 4)}",0.6885126524667758,0.681594756963408,0.690151101401784,0.6811726147123088,0.6753459577567371,0.6833554166602027,0.005381345391433488,57,0.6737786136789458,0.6690492748296215,0.6763434061823222,0.6661400277081512,0.6614252260781823,0.6693473096954446,0.005323846587084444,63,0.6838481628186274,0.677265191241724,0.686108187864535,0.6749342473441927,0.6707741748915229,0.6785859928321203,0.005663534454020951,63
158.75534038543702,14.60691175816264,14.316919183731079,2.3291076937298727,,,2,100,char_wb,0.9,2,"(2, 4)","{'model__class_weight': None, 'model__max_depth': None, 'model__min_samples_split': 2, 'model__n_estimators': 100, 'vec__analyzer': 'char_wb', 'vec__max_df': 0.9, 'vec__min_df': 2, 'vec__ngram_range': (2, 4)}",0.6832332058984162,0.681594756963408,0.6872383032951028,0.6831755280407866,0.6778951201747997,0.6826273828745026,0.0030129287517628406,59,0.6690602216031948,0.6689610747414215,0.6739496551737068,0.6684399429900715,0.6637719541318513,0.6688365697280492,0.0032254242617285518,68,0.679403128947104,0.6774466704354412,0.6834710005890775,0.677635951419477,0.6732619071606929,0.6782437317103585,0.00330126706840283,64
139.40856471061707,20.3504926636484,15.993514156341552,5.06784698204926,,,5,100,char_wb,1.0,1,"(2, 4)","{'model__class_weight': None, 'model__max_depth': None, 'model__min_samples_split': 5, 'model__n_estimators': 100, 'vec__analyzer': 'char_wb', 'vec__max_df': 1.0, 'vec__min_df': 1, 'vec__ngram_range': (2, 4)}",0.6865101037684326,0.6837793555434188,0.685417804478427,0.6808084486525856,0.6755280407865987,0.6824087506458925,0.003941045415255921,61,0.6718058750692445,0.6697730047441031,0.6705986487091211,0.6654477612061159,0.6608788611359305,0.667700830172903,0.004028851812461384,70,0.6827251717684802,0.6788509736498686,0.6811479293439952,0.6743152979693141,0.6706718405984948,0.6775422426660306,0.004454034214821312,65
168.88931493759156,43.65294630494751,15.611500072479249,4.773728445041801,,,5,100,char_wb,0.9,1,"(2, 4)","{'model__class_weight': None, 'model__max_depth': None, 'model__min_samples_split': 5, 'model__n_estimators': 100, 'vec__analyzer': 'char_wb', 'vec__max_df': 0.9, 'vec__min_df': 1, 'vec__ngram_range': (2, 4)}",0.6821409066084108,0.685053704715092,0.6859639541234298,0.6793517844136926,0.679169701383831,0.6823360102488912,0.0028112993815449334,62,0.6675425000477752,0.6720586911338357,0.6711284215870142,0.6646701719966502,0.6638177897818001,0.6678435149094151,0.0033143777840038075,69,0.6778777833955401,0.6807188961355598,0.6814752805705524,0.6735995126388966,0.67373473217294,0.6774812409826978,0.003337548567438344,66
15.676388025283813,2.244414130833315,6.284992122650147,1.6388467586764746,balanced,20,2,100,char_wb,1.0,1,"(3, 5)","{'model__class_weight': 'balanced', 'model__max_depth': 20, 'model__min_samples_split': 2, 'model__n_estimators': 100, 'vec__analyzer': 'char_wb', 'vec__max_df': 1.0, 'vec__min_df': 1, 'vec__ngram_range': (3, 5)}",0.6772255598033862,0.6761332605133806,0.6814127070817404,0.6795338674435543,0.6726147123088129,0.677384021430175,0.0030062590844311646,69,0.6692461718003723,0.6695383952609385,0.6757645966001694,0.6723886163474853,0.6647549629554771,0.6703385485928884,0.003651156960677539,59,0.6765505035614882,0.6755442118191239,0.6817537001721324,0.6785721111755875,0.6713282417011127,0.676749753685889,0.0034422751564370377,67
162.86733140945435,31.823663557021035,17.83270835876465,4.843267804366566,,,2,100,char_wb,1.0,1,"(2, 4)","{'model__class_weight': None, 'model__max_depth': None, 'model__min_samples_split': 2, 'model__n_estimators': 100, 'vec__analyzer': 'char_wb', 'vec__max_df': 1.0, 'vec__min_df': 1, 'vec__ngram_range': (2, 4)}",0.6817768068450756,0.6761332605133806,0.6819588567267432,0.685360524399126,0.6800801165331392,0.681061913003493,0.0030016389141789336,64,0.6672327761105251,0.6624810873365786,0.66723804037541,0.6707110223819734,0.6659340763453874,0.6667194005099749,0.002647475007834655,71,0.67815845904443,0.6714501478315477,0.677541420302477,0.6797028847126318,0.675386252670493,0.6764478329123159,0.002857318538171518,68
15.89407901763916,1.5749892625215764,3.328788709640503,0.9544669092264012,balanced,20,5,100,char_wb,0.9,1,"(3, 5)","{'model__class_weight': 'balanced', 'model__max_depth': 20, 'model__min_samples_split': 5, 'model__n_estimators': 100, 'vec__analyzer': 'char_wb', 'vec__max_df': 0.9, 'vec__min_df': 1, 'vec__ngram_range': (3, 5)}",0.68068450755507,0.673402512288367,0.6784999089750592,0.6758922068463219,0.6742534595775673,0.6765465190484771,0.0027022104206965007,71,0.6738126970426972,0.664422102283374,0.6711559545735554,0.6704424488486186,0.667892876247632,0.6695452157991755,0.0031807992956958634,62,0.6812478521978657,0.671408440287402,0.6780183973893896,0.675825583206521,0.6736439961208599,0.6760288538404076,0.0034138926193520137,69
52.95274977684021,12.764295486912266,7.31267819404602,3.036138285638805,balanced,20,2,100,char_wb,0.9,1,"(3, 5)","{'model__class_weight': 'balanced', 'model__max_depth': 20, 'model__min_samples_split': 2, 'model__n_estimators': 100, 'vec__analyzer': 'char_wb', 'vec__max_df': 0.9, 'vec__min_df': 1, 'vec__ngram_range': (3, 5)}",0.6770435099217186,0.6715820134716912,0.6879665028217732,0.6800801165331392,0.6655134741442098,0.6764371233785063,0.007608730497428808,72,0.6695839108133415,0.664223599483715,0.6804499360067974,0.6729871898252361,0.6587818470851889,0.6692052966428557,0.007407477120109763,66,0.6772305033942255,0.6708554730639477,0.6875343436107716,0.6790201425291803,0.66516951544956,0.6759619956095371,0.00758201573931004,70
10.019653558731079,1.8600389783793585,4.1879472732543945,1.9963908679795215,balanced,20,5,100,char_wb,1.0,1,"(3, 5)","{'model__class_weight': 'balanced', 'model__max_depth': 20, 'model__min_samples_split': 5, 'model__n_estimators': 100, 'vec__analyzer': 'char_wb', 'vec__max_df': 1.0, 'vec__min_df': 1, 'vec__ngram_range': (3, 5)}",0.6739486619333698,0.6675769160750046,0.6852357545967596,0.6842680262199563,0.6718863801893663,0.6765831478028914,0.006986233783132741,70,0.6646423788607131,0.6613016205501755,0.6786289014669058,0.6784801340071264,0.6630160640443417,0.6692138197858524,0.007699629697807624,65,0.6730307586258649,0.6671325139072906,0.6851235732029517,0.6837571767322853,0.6707627736023839,0.6759613592141552,0.007187254796875246,71
173.37137112617492,3.79066822587895,14.448391532897949,0.6831097421777791,,,2,100,char_wb,0.9,1,"(2, 4)","{'model__class_weight': None, 'model__max_depth': None, 'model__min_samples_split': 2, 'model__n_estimators': 100, 'vec__analyzer': 'char_wb', 'vec__max_df': 0.9, 'vec__min_df': 1, 'vec__ngram_range': (2, 4)}",0.6830511560167486,0.6779537593300564,0.6817768068450756,0.682083029861617,0.6740713765477058,0.6797872257202405,0.0033440969320707595,67,0.6682802557064248,0.6642075156526024,0.6670678027787411,0.6672752246017027,0.6589520849160951,0.6651565767311133,0.003385122147245472,72,0.6793350999197236,0.6726767629038838,0.6775734634301035,0.6759897450608771,0.6689270309815387,0.6749004204592253,0.00370470521107564,72
27.3918936252594,4.06600248917134,7.6719043254852295,1.2569876686413883,balanced,20,2,200,char_wb,0.9,2,"(3, 5)","{'model__class_weight': 'balanced', 'model__max_depth': 20, 'model__min_samples_split': 2, 'model__n_estimators': 200, 'vec__analyzer': 'char_wb', 'vec__max_df': 0.9, 'vec__min_df': 2, 'vec__ngram_range': (3, 5)}",0.6812306572000728,0.6710358638266886,0.6748589113417076,0.6797159504734159,0.6731609613983977,0.6760004688480564,0.0038774458866917016,73,0.670534272844078,0.659052645757848,0.6624935907546067,0.6679329328429585,0.6607910200455187,0.6641608924490019,0.00436069686191451,73,0.6800428414885964,0.6684257023512853,0.672403855145285,0.6762120705926823,0.6701877043739216,0.6734544347903542,0.0041970240215597485,73
23.327874279022218,2.693387086816014,4.69617862701416,3.023928989478527,balanced,20,5,200,char_wb,1.0,2,"(3, 5)","{'model__class_weight': 'balanced', 'model__max_depth': 20, 'model__min_samples_split': 5, 'model__n_estimators': 200, 'vec__analyzer': 'char_wb', 'vec__max_df': 1.0, 'vec__min_df': 2, 'vec__ngram_range': (3, 5)}",0.6779537593300564,0.6748589113417076,0.6801383579100674,0.6789876183539694,0.6655134741442098,0.6754904242160021,0.005288478336773801,74,0.6675331723313769,0.6636125737281807,0.668088229999961,0.6668913318013575,0.6526340774412754,0.6637518770604303,0.00577205683621784,76,0.6766742329683731,0.6721682858488595,0.6780430948119941,0.6757719979545566,0.6622865428042374,0.6729888308776041,0.005693611430662924,74
13.03896098136902,1.3369445677013874,3.3151664257049562,1.0434350332084925,balanced,20,5,200,char_wb,0.9,2,"(3, 5)","{'model__class_weight': 'balanced', 'model__max_depth': 20, 'model__min_samples_split': 5, 'model__n_estimators': 200, 'vec__analyzer': 'char_wb', 'vec__max_df': 0.9, 'vec__min_df': 2, 'vec__ngram_range': (3, 5)}",0.6783178590933916,0.66866921536501,0.68068450755507,0.6798980335032775,0.6669701383831027,0.6749079507799705,0.005862212785170526,75,0.6683011846675125,0.6570656128459597,0.6688715156474431,0.6682470289154093,0.6537553813903428,0.6632481446933334,0.006488152472072325,78,0.6773158139049237,0.6651083479409848,0.6787288385688263,0.6767699636188026,0.662970983879652,0.6721787895826379,0.006710378089370769,75
10.428476715087891,2.3458101689715747,4.097209215164185,0.8773552203062387,balanced,20,5,100,char_wb,0.9,2,"(3, 5)","{'model__class_weight': 'balanced', 'model__max_depth': 20, 'model__min_samples_split': 5, 'model__n_estimators': 100, 'vec__analyzer': 'char_wb', 'vec__max_df': 0.9, 'vec__min_df': 2, 'vec__ngram_range': (3, 5)}",0.6724922628800292,0.6754050609867104,0.6770435099217186,0.6780772032046614,0.6686088856518573,0.6743253845289955,0.003425456018436567,76,0.6618412676723219,0.6654940623148715,0.6659880099649201,0.6661364296325737,0.6560128593547617,0.6630945257878897,0.0038756640876545746,79,0.6711996233486553,0.6726841745709446,0.6754559979941374,0.6745409834269084,0.6650913166552069,0.6717944191991705,0.003661360533165839,76
8.541210412979126,3.324711448635011,2.5891854763031006,1.2163455764404236,balanced,20,5,100,char_wb,1.0,2,"(3, 5)","{'model__class_weight': 'balanced', 'model__max_depth': 20, 'model__min_samples_split': 5, 'model__n_estimators': 100, 'vec__analyzer': 'char_wb', 'vec__max_df': 1.0, 'vec__min_df': 2, 'vec__ngram_range': (3, 5)}",0.6784999089750592,0.6704897141816858,0.679410158383397,0.6727967953386744,0.6684268026219956,0.6739246759001624,0.004343292827214533,77,0.6673535366162069,0.6585802282334074,0.6665313534185677,0.6610897116038504,0.6565550728789803,0.6620219805502026,0.004274618056272661,80,0.6765603891258635,0.667544861001871,0.6765495456764712,0.6688976972467323,0.6653567991002677,0.6709818584302412,0.004688648368581766,77
17.300253200531007,2.0727633698898407,5.489867448806763,0.6945610310977485,balanced,20,2,100,char_wb,1.0,2,"(3, 5)","{'model__class_weight': 'balanced', 'model__max_depth': 20, 'model__min_samples_split': 2, 'model__n_estimators': 100, 'vec__analyzer': 'char_wb', 'vec__max_df': 1.0, 'vec__min_df': 2, 'vec__ngram_range': (3, 5)}",0.678135809211724,0.6655743673766612,0.6757691607500456,0.6746176256372906,0.6707938820101966,0.6729781689971835,0.00439695562178081,79,0.6689219264655999,0.6557344158500228,0.6630798299156303,0.663171250960454,0.6591194912531674,0.6620053828889748,0.004427316522630457,81,0.6777108185613999,0.66354969304504,0.6728724004705707,0.6715488890518303,0.6681473214930879,0.6707658245243858,0.004737360153027651,78
27.738119649887086,2.9743189643572467,3.6774580478668213,1.2486265660580755,balanced,20,2,200,char_wb,1.0,2,"(3, 5)","{'model__class_weight': 'balanced', 'model__max_depth': 20, 'model__min_samples_split': 2, 'model__n_estimators': 200, 'vec__analyzer': 'char_wb', 'vec__max_df': 1.0, 'vec__min_df': 2, 'vec__ngram_range': (3, 5)}",0.6783178590933916,0.666120517021664,0.6748589113417076,0.6778951201747997,0.6689730517115805,0.6732330918686287,0.004877895400886405,78,0.6668059452311549,0.6539557666725296,0.6620966812004417,0.665065112751488,0.6553030100587941,0.6606453031828817,0.005155283110878767,87,0.6765474480634897,0.6629254205477938,0.6718814230129638,0.6741830881387928,0.6651304107295942,0.6701335580985269,0.005245577953559207,79
18.500485324859618,1.500293904267569,3.5042837619781495,0.6631360099140633,balanced,20,2,100,char_wb,0.9,2,"(3, 5)","{'model__class_weight': 'balanced', 'model__max_depth': 20, 'model__min_samples_split': 2, 'model__n_estimators': 100, 'vec__analyzer': 'char_wb', 'vec__max_df': 0.9, 'vec__min_df': 2, 'vec__ngram_range': (3, 5)}",0.6728563626433642,0.6706717640633534,0.675587110868378,0.6777130371449381,0.6666059723233795,0.6726868494086826,0.0038662759732573985,80,0.6615852502200855,0.659094162273353,0.6655068747624964,0.6653201658343045,0.6548247683209123,0.6612662442822304,0.004018197218217304,83,0.6708428064728067,0.6677048484906534,0.6740293234230997,0.6741555532895988,0.663741329870136,0.670094772309259,0.0039650512338061045,80
16.53227791786194,1.0694088392262062,3.7961495399475096,1.2675623095438435,balanced,20,5,200,char_wb,0.9,1,"(2, 4)","{'model__class_weight': 'balanced', 'model__max_depth': 20, 'model__min_samples_split': 5, 'model__n_estimators': 200, 'vec__analyzer': 'char_wb', 'vec__max_df': 0.9, 'vec__min_df': 1, 'vec__ngram_range': (2, 4)}",0.6735845621700346,0.6650282177316584,0.6726743127616968,0.6740713765477058,0.6664238892935178,0.6703564717009227,0.0038327266542878963,81,0.6667334632516254,0.6593009983183394,0.6654274246458408,0.6690257787944164,0.6601499984533402,0.6641275326927125,0.0037839032950889437,74,0.6732317879473299,0.6642861325637237,0.672098571893461,0.6735046348726376,0.6656172869006809,0.6697476828355666,0.003966586904430096,81
31.54420189857483,2.9030856650719135,8.146199607849121,1.1126244847011724,balanced,20,2,200,char_wb,1.0,1,"(2, 4)","{'model__class_weight': 'balanced', 'model__max_depth': 20, 'model__min_samples_split': 2, 'model__n_estimators': 200, 'vec__analyzer': 'char_wb', 'vec__max_df': 1.0, 'vec__min_df': 1, 'vec__ngram_range': (2, 4)}",0.670853813945021,0.6701256144183506,0.6715820134716912,0.6711580480699199,0.6669701383831027,0.670137925657617,0.0016536966574356624,83,0.6643381858566083,0.6638757092514318,0.6647914725672607,0.6662223245770803,0.6606279432757582,0.6639711271056278,0.0018472450593122623,75,0.6706238531899155,0.6691770272615069,0.6713028730582747,0.6708327462979774,0.6667115259602362,0.6697296051535822,0.001667687991142085,82
23.736091709136964,4.08740094867239,8.80025601387024,2.455895757908443,balanced,20,2,200,char_wb,0.9,1,"(2, 4)","{'model__class_weight': 'balanced', 'model__max_depth': 20, 'model__min_samples_split': 2, 'model__n_estimators': 200, 'vec__analyzer': 'char_wb', 'vec__max_df': 0.9, 'vec__min_df': 1, 'vec__ngram_range': (2, 4)}",0.6744948115783724,0.6637538685599854,0.6726743127616968,0.6724326292789512,0.6649672250546249,0.6696645694467261,0.0044057548369749655,84,0.6679812563834444,0.6576502530259756,0.6660480807706569,0.6673340813443641,0.6578595331808699,0.6633746409410621,0.00463099093656381,77,0.6747130435954495,0.6628581692011636,0.6724316192502489,0.6718284787671811,0.6638972521273928,0.6691457125882871,0.004818072862869245,83
33.80766353607178,1.7384985365225398,7.607008981704712,1.1361331899676024,balanced,20,2,200,char_wb,0.9,2,"(2, 4)","{'model__class_weight': 'balanced', 'model__max_depth': 20, 'model__min_samples_split': 2, 'model__n_estimators': 200, 'vec__analyzer': 'char_wb', 'vec__max_df': 0.9, 'vec__min_df': 2, 'vec__ngram_range': (2, 4)}",0.6681230657200072,0.66866921536501,0.6748589113417076,0.674435542607429,0.6649672250546249,0.6702107920177558,0.0038388431841396647,82,0.6595148085757123,0.6603308146660748,0.665491594769884,0.6657371323181093,0.6541175291817966,0.6610383759023153,0.004304172156595781,85,0.6674503814468139,0.6669265500847511,0.6735090130672341,0.6720308456191502,0.6626824056160777,0.6685198391668055,0.003872388484905136,84
73.39614548683167,3.94293286136049,14.930324506759643,2.395884834869756,balanced,20,2,100,char_wb,0.9,1,"(2, 4)","{'model__class_weight': 'balanced', 'model__max_depth': 20, 'model__min_samples_split': 2, 'model__n_estimators': 100, 'vec__analyzer': 'char_wb', 'vec__max_df': 0.9, 'vec__min_df': 1, 'vec__ngram_range': (2, 4)}",0.669943564536683,0.6632077189149828,0.6713999635900236,0.665877640203933,0.6646030589949017,0.6670063892481048,0.0031435795260888054,86,0.6636392580231422,0.6573850559399692,0.6657382105235344,0.6612472009644246,0.6575799899707354,0.6611179430843611,0.0032915700356074555,84,0.6698020056029268,0.6625519978672911,0.6715785026559736,0.6658025668999307,0.6631896850780928,0.6665849516208431,0.0035690240960301518,85
19.206815338134767,4.0895793039010435,3.5511920928955076,1.3734087873847793,balanced,20,5,100,char_wb,0.9,1,"(2, 4)","{'model__class_weight': 'balanced', 'model__max_depth': 20, 'model__min_samples_split': 5, 'model__n_estimators': 100, 'vec__analyzer': 'char_wb', 'vec__max_df': 0.9, 'vec__min_df': 1, 'vec__ngram_range': (2, 4)}",0.6683051156016748,0.6637538685599854,0.675587110868378,0.6636926438455936,0.6609613983976693,0.6664600274546603,0.00513662596303368,88,0.6645135094674371,0.6585961906771155,0.6708153676521563,0.6589444757825221,0.6537632118608983,0.661326551088026,0.005839993056485273,82,0.6696207413428525,0.6632032680556527,0.6755567350316731,0.6633443027668303,0.659710916163312,0.666287192672064,0.005629486069806042,86
23.723465299606325,3.036732668113477,6.639692640304565,3.136961303873975,balanced,20,5,200,char_wb,1.0,2,"(2, 4)","{'model__class_weight': 'balanced', 'model__max_depth': 20, 'model__min_samples_split': 5, 'model__n_estimators': 200, 'vec__analyzer': 'char_wb', 'vec__max_df': 1.0, 'vec__min_df': 2, 'vec__ngram_range': (2, 4)}",0.669943564536683,0.661751319861642,0.6719461132350264,0.6686088856518573,0.6660597232337946,0.6676619213038005,0.0035202041385637467,85,0.6599505348143899,0.6548101964286935,0.6638140977424687,0.6602067524946703,0.6564013543447991,0.6590365871650044,0.0031570880632321376,88,0.6685241501803169,0.6610699217703618,0.6710873467378499,0.6667287034246346,0.6639759088795106,0.6662772061985347,0.003487171905049854,87
15.854386281967162,1.458718566060798,4.757406234741211,1.3167479729369285,balanced,20,5,200,char_wb,1.0,1,"(2, 4)","{'model__class_weight': 'balanced', 'model__max_depth': 20, 'model__min_samples_split': 5, 'model__n_estimators': 200, 'vec__analyzer': 'char_wb', 'vec__max_df': 1.0, 'vec__min_df': 1, 'vec__ngram_range': (2, 4)}",0.6704897141816858,0.6635718186783178,0.6693974148916804,0.669701383831027,0.6595047341587764,0.6665330131482975,0.004291019259846591,87,0.6657172480422504,0.6592132817566344,0.663013570229555,0.6636280931910752,0.6530105311596315,0.6609165448758293,0.004476671053943642,86,0.6711089932149794,0.6635059794574475,0.6691591782549121,0.6685722327710452,0.6585208886431605,0.666173454468309,0.004576142769565909,88
17.515845012664794,5.257902833256942,4.918579053878784,1.4641706764939684,balanced,20,5,200,char_wb,0.9,2,"(2, 4)","{'model__class_weight': 'balanced', 'model__max_depth': 20, 'model__min_samples_split': 5, 'model__n_estimators': 200, 'vec__analyzer': 'char_wb', 'vec__max_df': 0.9, 'vec__min_df': 2, 'vec__ngram_range': (2, 4)}",0.670853813945021,0.6608410704533042,0.671217913708356,0.6686088856518573,0.6598689002184996,0.6662781167954077,0.004927689346219834,89,0.6614948444198104,0.6530871143587906,0.6628692258921046,0.661916785824241,0.6496570275490584,0.657804999608801,0.005381747269761556,89,0.6694255806558337,0.6596509272344709,0.6702481283920628,0.667669260664578,0.6574913948561436,0.6648970583606177,0.005276216712910994,89
30.279323959350585,4.551187132126174,6.252233076095581,3.221159611906632,balanced,20,2,200,char_wb,1.0,2,"(2, 4)","{'model__class_weight': 'balanced', 'model__max_depth': 20, 'model__min_samples_split': 2, 'model__n_estimators': 200, 'vec__analyzer': 'char_wb', 'vec__max_df': 1.0, 'vec__min_df': 2, 'vec__ngram_range': (2, 4)}",0.6713999635900236,0.6608410704533042,0.671217913708356,0.6666059723233795,0.6609613983976693,0.6662052636945466,0.004659288077623414,90,0.6610901514376061,0.6528931737024223,0.6625938683756843,0.6569973419587817,0.6511986720212942,0.6569546414991577,0.004439185755050417,90,0.6697285935160124,0.6590726398417898,0.6703989873237916,0.6637858996798153,0.659222241714695,0.6644416724152209,0.004897757469261438,90
11.423015642166138,1.2453991322519877,2.9678192138671875,1.191042364578292,balanced,20,5,100,char_wb,1.0,2,"(2, 4)","{'model__class_weight': 'balanced', 'model__max_depth': 20, 'model__min_samples_split': 5, 'model__n_estimators': 100, 'vec__analyzer': 'char_wb', 'vec__max_df': 1.0, 'vec__min_df': 2, 'vec__ngram_range': (2, 4)}",0.6683051156016748,0.6561077735299472,0.667394866193337,0.6717042971595047,0.6578659868900218,0.6642756078748971,0.006147339075093527,91,0.6596817672122457,0.6481602221486614,0.658972107276078,0.6638169233284915,0.6480419558825729,0.65573459516961,0.00644877517211574,93,0.6675984375335927,0.6545757276806589,0.6661937839176125,0.669999610748304,0.6554011717386016,0.662753746323754,0.006461389707823691,91
29.477808809280397,1.9206075855076286,4.84481029510498,0.9301275069066822,balanced,20,2,100,char_wb,0.9,2,"(2, 4)","{'model__class_weight': 'balanced', 'model__max_depth': 20, 'model__min_samples_split': 2, 'model__n_estimators': 100, 'vec__analyzer': 'char_wb', 'vec__max_df': 0.9, 'vec__min_df': 2, 'vec__ngram_range': (2, 4)}",0.670853813945021,0.6559257236482796,0.665210267613326,0.668244719592134,0.6602330662782229,0.6640935182153967,0.005399947364370033,92,0.6617187808859617,0.6477918680230818,0.6562971639385035,0.6603881840385697,0.6504491656162608,0.6553290325004755,0.005440278051045999,94,0.6694597645569491,0.6540339641316066,0.6636984539690914,0.6660511898198436,0.658466435774628,0.6623419616504237,0.005482774604635799,92
19.25404486656189,1.1225125486970249,5.2530828475952145,0.6963151791940599,balanced,20,2,100,char_wb,1.0,1,"(2, 4)","{'model__class_weight': 'balanced', 'model__max_depth': 20, 'model__min_samples_split': 2, 'model__n_estimators': 100, 'vec__analyzer': 'char_wb', 'vec__max_df': 1.0, 'vec__min_df': 1, 'vec__ngram_range': (2, 4)}",0.663935918441653,0.6586564718732932,0.6637538685599854,0.6675163874726876,0.6593226511289147,0.6626370594953068,0.003273301672502555,94,0.6574835920394037,0.652345843964341,0.6582834051650349,0.6623090435429767,0.6517545112660794,0.6564352791955672,0.003940779261683853,91,0.6638829305938168,0.657740978760458,0.6640490465037159,0.6671373213293949,0.6581768573436747,0.6621974269062121,0.0036523111699300276,93
10.896422195434571,2.765990150426308,1.9936327457427978,0.37196586640032997,balanced,20,5,100,char_wb,1.0,1,"(2, 4)","{'model__class_weight': 'balanced', 'model__max_depth': 20, 'model__min_samples_split': 5, 'model__n_estimators': 100, 'vec__analyzer': 'char_wb', 'vec__max_df': 1.0, 'vec__min_df': 1, 'vec__ngram_range': (2, 4)}",0.6610231203349718,0.6590205716366284,0.6681230657200072,0.6676984705025492,0.6549526584122359,0.6621635773212785,0.005085804221296863,96,0.6551199783373044,0.6544694903076406,0.6618191223939278,0.6607299688276552,0.6488157769648771,0.6561908673662811,0.004707071222154106,92,0.6615740334975782,0.6586912027098827,0.6677694816493287,0.6665765577117923,0.6541036310874834,0.661742981331213,0.0050474495536183975,94
19.17209324836731,2.3207412787168265,4.057411432266235,0.6429405607419832,balanced,20,2,100,char_wb,1.0,2,"(2, 4)","{'model__class_weight': 'balanced', 'model__max_depth': 20, 'model__min_samples_split': 2, 'model__n_estimators': 100, 'vec__analyzer': 'char_wb', 'vec__max_df': 1.0, 'vec__min_df': 2, 'vec__ngram_range': (2, 4)}",0.6675769160750046,0.652284726014928,0.6692153650100128,0.668244719592134,0.6585943190094683,0.6631832091403096,0.006650493217581214,93,0.6594021468400642,0.6451018260266815,0.6605290317409261,0.6597790862572354,0.648054215792005,0.6545732613313825,0.006604483190400236,95,0.666931287544125,0.6514118158123798,0.6677778118632592,0.665893432308974,0.6558978105461627,0.6615824316149801,0.0066533309801223165,95
12.188151121139526,1.527329153144067,4.752829265594483,1.685228564662675,balanced,20,5,100,char_wb,0.9,2,"(2, 4)","{'model__class_weight': 'balanced', 'model__max_depth': 20, 'model__min_samples_split': 5, 'model__n_estimators': 100, 'vec__analyzer': 'char_wb', 'vec__max_df': 0.9, 'vec__min_df': 2, 'vec__ngram_range': (2, 4)}",0.6692153650100128,0.6573821227016202,0.665210267613326,0.6647851420247632,0.6547705753823744,0.6622726945464193,0.00535428587099302,95,0.6603396256187618,0.6491430757326712,0.6571252912050292,0.6584033122593533,0.6454811004939539,0.6540984810619539,0.005752570321004818,96,0.6679195185695884,0.6555552384643376,0.6638794777435277,0.664057261365585,0.6523285169535783,0.6607480026193234,0.005831646583480816,96
33.26874666213989,3.0740462280274556,6.424470090866089,1.241431543588365,,20,2,200,char_wb,1.0,2,"(2, 4)","{'model__class_weight': None, 'model__max_depth': 20, 'model__min_samples_split': 2, 'model__n_estimators': 200, 'vec__analyzer': 'char_wb', 'vec__max_df': 1.0, 'vec__min_df': 2, 'vec__ngram_range': (2, 4)}",0.6349899872565082,0.6267977425814674,0.6317130893864918,0.6280043699927167,0.6256372906045157,0.6294284959643399,0.0034488197610867155,97,0.605139787082079,0.5968211106939431,0.6004850380412018,0.5966720878031931,0.5954192368074116,0.5989074520855657,0.003545365895369274,97,0.6147541774137509,0.6040357244368929,0.6095087200820416,0.6045815493569009,0.6053818602943024,0.6076524063167777,0.00403848939672749,97
26.422327280044556,2.862387791392809,5.878227949142456,2.1671923903681223,,20,5,200,char_wb,0.9,2,"(2, 4)","{'model__class_weight': None, 'model__max_depth': 20, 'model__min_samples_split': 5, 'model__n_estimators': 200, 'vec__analyzer': 'char_wb', 'vec__max_df': 0.9, 'vec__min_df': 2, 'vec__ngram_range': (2, 4)}",0.628618241398143,0.6229746950664482,0.6322592390314946,0.6316460305899491,0.6258193736343772,0.6282635159440824,0.0035065223904698017,98,0.5970098043740154,0.5929049770090233,0.6003865307591242,0.6008092376986979,0.59554682678076,0.5973314753243242,0.0029769287798665904,98,0.6062210661164191,0.6006404221549987,0.6089246776044009,0.6089054539267046,0.6046078179130242,0.6058598875431096,0.0030857530677214575,98
14.754299974441528,6.291270713396507,2.7942747116088866,0.8045285293958663,,20,5,200,char_wb,1.0,2,"(2, 4)","{'model__class_weight': None, 'model__max_depth': 20, 'model__min_samples_split': 5, 'model__n_estimators': 200, 'vec__analyzer': 'char_wb', 'vec__max_df': 1.0, 'vec__min_df': 2, 'vec__ngram_range': (2, 4)}",0.6313489896231568,0.6258874931731294,0.630802839978154,0.6276402039329935,0.6241806263656228,0.6279720306146113,0.002765772415400049,100,0.6002558033646533,0.5953404959185306,0.5984652635591455,0.5968851651370931,0.5940515038201414,0.5969996463599128,0.002200364641896191,99,0.610030420751539,0.6030524779210341,0.6071881500524975,0.6046281957273102,0.6026691587220298,0.6055136806348822,0.002761800005244212,99
13.729959201812743,0.6333561082648063,4.99200668334961,0.838372512656314,,20,5,100,char_wb,0.9,2,"(3, 5)","{'model__class_weight': None, 'model__max_depth': 20, 'model__min_samples_split': 5, 'model__n_estimators': 100, 'vec__analyzer': 'char_wb', 'vec__max_df': 0.9, 'vec__min_df': 2, 'vec__ngram_range': (3, 5)}",0.6331694884398326,0.6258874931731294,0.630802839978154,0.6325564457392571,0.6185360524399126,0.6281904639540572,0.005462386408378269,99,0.6013129749091339,0.5948731018095179,0.600011699524136,0.6014484454073142,0.58710858106745,0.5969509605435104,0.00547380294133385,100,0.6106107395189136,0.6020857457703689,0.6100680082153265,0.6091250364125971,0.5955811894340072,0.6054941438702427,0.0058338153895277954,100
16.30942807197571,1.2231301096967464,5.096833038330078,0.7278477550659018,,20,2,100,char_wb,1.0,2,"(2, 4)","{'model__class_weight': None, 'model__max_depth': 20, 'model__min_samples_split': 2, 'model__n_estimators': 100, 'vec__analyzer': 'char_wb', 'vec__max_df': 1.0, 'vec__min_df': 2, 'vec__ngram_range': (2, 4)}",0.6340797378481704,0.6222464955397778,0.6322592390314946,0.6296431172614713,0.6139839766933721,0.6264425132748572,0.007419259561109589,101,0.6025028225228696,0.5922427358843544,0.6010913486875925,0.5990935116899128,0.5810115704717247,0.5951883978512907,0.007915237329582266,101,0.6126229339761173,0.5992405786737498,0.6100560094197692,0.6070623864607404,0.5873154388957351,0.6032594694852224,0.00915088186646367,101
26.684841251373292,1.611928571958613,5.339791917800904,2.676875437953869,,20,5,200,char_wb,0.9,2,"(3, 5)","{'model__class_weight': None, 'model__max_depth': 20, 'model__min_samples_split': 5, 'model__n_estimators': 200, 'vec__analyzer': 'char_wb', 'vec__max_df': 0.9, 'vec__min_df': 2, 'vec__ngram_range': (3, 5)}",0.6297105406881486,0.6264336428181322,0.6304387402148188,0.625455207574654,0.6196285506190823,0.6263333363829672,0.003846951345313235,102,0.5965959498282417,0.5959188199072593,0.5989425069382339,0.5928799266845539,0.5882491737247522,0.5945172754166081,0.0036834195519558307,104,0.6051825447260614,0.6036238591323426,0.6088103381079272,0.6003061516884624,0.597711637241693,0.6031269061792973,0.0038485270980987045,102
30.98389916419983,2.5327050343999944,7.963225841522217,2.1535944977633354,,20,2,200,char_wb,0.9,2,"(2, 4)","{'model__class_weight': None, 'model__max_depth': 20, 'model__min_samples_split': 2, 'model__n_estimators': 200, 'vec__analyzer': 'char_wb', 'vec__max_df': 0.9, 'vec__min_df': 2, 'vec__ngram_range': (2, 4)}",0.6198798470780994,0.6275259421081376,0.628618241398143,0.6314639475600874,0.6234522942461762,0.6261880544781288,0.004069610896326979,103,0.5870193254752191,0.597615651950912,0.5968078859005522,0.6003187414498469,0.5925214336525391,0.5948566076858139,0.004650392400614374,102,0.594154604010246,0.6057235044200596,0.6056540324984456,0.6083493206606571,0.600970915365659,0.6029704753910134,0.005008601651471554,103
28.109032154083252,3.015886857136349,5.836956882476807,0.30003221991194395,,20,2,200,char_wb,0.9,2,"(3, 5)","{'model__class_weight': None, 'model__max_depth': 20, 'model__min_samples_split': 2, 'model__n_estimators': 200, 'vec__analyzer': 'char_wb', 'vec__max_df': 0.9, 'vec__min_df': 2, 'vec__ngram_range': (3, 5)}",0.630802839978154,0.6251592936464592,0.6253413435281268,0.627822286962855,0.6214493809176985,0.6261150290066586,0.003103887653311959,104,0.5988276710099484,0.5946407116927349,0.5924028870369187,0.5961566830461432,0.590715942001289,0.5945487789574069,0.002835426445891431,103,0.6078500276633275,0.6015549210011568,0.5995800749219312,0.6049453997022366,0.6005542230633097,0.6028969292703924,0.003066600597943676,104
17.3204815864563,2.824636849205024,5.3447166919708256,0.7443598361188996,,20,2,100,char_wb,0.9,2,"(3, 5)","{'model__class_weight': None, 'model__max_depth': 20, 'model__min_samples_split': 2, 'model__n_estimators': 100, 'vec__analyzer': 'char_wb', 'vec__max_df': 0.9, 'vec__min_df': 2, 'vec__ngram_range': (3, 5)}",0.6284361915164756,0.6269797924631348,0.6324412889131622,0.6261835396941005,0.6163510560815731,0.6260783737336892,0.005319592439053668,105,0.5967545104397814,0.5964794375199,0.5999714477478048,0.5941171194384562,0.5846735557532473,0.594399214179838,0.005207543486644108,105,0.6069002097527997,0.6046455967434827,0.6078074753595012,0.6019494509766102,0.5931271232760995,0.6028859712216986,0.00528287382652061,105
10.758633708953857,0.7767084117713322,1.869328260421753,0.6632366348430773,,20,5,200,char_wb,1.0,2,"(3, 5)","{'model__class_weight': None, 'model__max_depth': 20, 'model__min_samples_split': 5, 'model__n_estimators': 200, 'vec__analyzer': 'char_wb', 'vec__max_df': 1.0, 'vec__min_df': 2, 'vec__ngram_range': (3, 5)}",0.6337156380848352,0.6278900418714728,0.6275259421081376,0.6260014566642389,0.6143481427530955,0.6258962442963559,0.006342614316563585,106,0.6022383870353532,0.5980548093264856,0.5947144990368435,0.5940909665845399,0.5820374457906592,0.5942272215547763,0.006747975080692359,106,0.6126289063982977,0.6065130300974517,0.6033661539531271,0.6022511496116465,0.5891577549616153,0.6027833990044276,0.007708764262326096,106
15.138363552093505,1.6741140371098322,4.686614894866944,1.2046834261295785,,20,5,100,char_wb,1.0,2,"(2, 4)","{'model__class_weight': None, 'model__max_depth': 20, 'model__min_samples_split': 5, 'model__n_estimators': 100, 'vec__analyzer': 'char_wb', 'vec__max_df': 1.0, 'vec__min_df': 2, 'vec__ngram_range': (2, 4)}",0.6240669943564536,0.6288002912798106,0.6244310941197888,0.627822286962855,0.6209031318281136,0.6252047597094043,0.002834655783984123,109,0.5916173412877578,0.5983073457061896,0.5929069393057966,0.5959102540079404,0.5893684505509699,0.5936220661717309,0.0031563023313294584,108,0.6002607671196886,0.6060185716353866,0.6018687264411259,0.6026224129966948,0.5983944224314915,0.6018329801248774,0.002547123518618844,107
26.488670110702515,5.971632035236216,3.7318989276885985,0.9033510250788166,,20,2,100,char_wb,0.9,2,"(2, 4)","{'model__class_weight': None, 'model__max_depth': 20, 'model__min_samples_split': 2, 'model__n_estimators': 100, 'vec__analyzer': 'char_wb', 'vec__max_df': 0.9, 'vec__min_df': 2, 'vec__ngram_range': (2, 4)}",0.626069543054797,0.6229746950664482,0.628618241398143,0.629278951201748,0.6210852148579752,0.6256053291158223,0.003166711311061306,107,0.5934460406834415,0.5916747682643636,0.5970354444887804,0.5983771194568109,0.590348981480087,0.5941764708746967,0.0030744397186199574,107,0.6012863512619836,0.598348668429124,0.6055355930561673,0.6056552335896589,0.5982187884175364,0.601808926950894,0.003280782958271421,108
14.879168558120728,1.4241019977620584,4.107031583786011,0.43461883688162195,,20,5,100,char_wb,0.9,2,"(2, 4)","{'model__class_weight': None, 'model__max_depth': 20, 'model__min_samples_split': 5, 'model__n_estimators': 100, 'vec__analyzer': 'char_wb', 'vec__max_df': 0.9, 'vec__min_df': 2, 'vec__ngram_range': (2, 4)}",0.6251592936464592,0.6266156926997998,0.6262515929364646,0.6281864530225783,0.6176256372906045,0.6247677339191814,0.0037004673439424724,110,0.5926388032392415,0.596565054079505,0.5942477412351482,0.5970909896359767,0.5864019303607991,0.5933889037101341,0.003844773610144033,109,0.6004051482312353,0.6044156203936648,0.6027752389102873,0.6049712476087452,0.5945942971082939,0.6014323104504453,0.003769380850165569,109
28.03732285499573,4.013540388865315,5.446301746368408,1.3029643762087573,,20,2,200,char_wb,1.0,2,"(3, 5)","{'model__class_weight': None, 'model__max_depth': 20, 'model__min_samples_split': 2, 'model__n_estimators': 200, 'vec__analyzer': 'char_wb', 'vec__max_df': 1.0, 'vec__min_df': 2, 'vec__ngram_range': (3, 5)}",0.6271618423448024,0.6300746404514838,0.6251592936464592,0.6247268754552076,0.6161689730517116,0.624658324989933,0.004646048588150169,111,0.5947282895052433,0.5993803638312308,0.5926219349592603,0.5919348285672194,0.5844069283657972,0.5926144690457502,0.004859449765481082,111,0.6023048729599109,0.607783795533761,0.6009636951115717,0.5985482768170377,0.5930943615320113,0.6005390003908585,0.004799403218830037,110
15.088877058029174,0.9075440598377481,5.045689392089844,0.6277593055876451,,20,5,100,char_wb,1.0,2,"(3, 5)","{'model__class_weight': None, 'model__max_depth': 20, 'model__min_samples_split': 5, 'model__n_estimators': 100, 'vec__analyzer': 'char_wb', 'vec__max_df': 1.0, 'vec__min_df': 2, 'vec__ngram_range': (3, 5)}",0.6277079919898052,0.6275259421081376,0.6264336428181322,0.629278951201748,0.6167152221412965,0.625532350051824,0.004501086991985698,108,0.5947725902562245,0.5963215064371133,0.5941970169201111,0.5967635890515068,0.5843014666922122,0.5932712338714335,0.004584071900080362,110,0.6025642709999297,0.6029704156812264,0.6023435745573098,0.603088511099112,0.5916495414191396,0.6005232627513435,0.004445025007158255,111
15.895981979370116,2.7938829018058335,5.81856050491333,0.8880355553090963,,20,2,100,char_wb,1.0,2,"(3, 5)","{'model__class_weight': None, 'model__max_depth': 20, 'model__min_samples_split': 2, 'model__n_estimators': 100, 'vec__analyzer': 'char_wb', 'vec__max_df': 1.0, 'vec__min_df': 2, 'vec__ngram_range': (3, 5)}",0.6271618423448024,0.6195157473147642,0.6277079919898052,0.6241806263656228,0.6134377276037873,0.6224007871237563,0.005341568846189794,112,0.5947302669262601,0.5874703900715462,0.5949955825602055,0.5922932190284375,0.5811087293092435,0.5901196375791385,0.00525304062342208,112,0.6038766974939289,0.5934571284400998,0.6028335705389417,0.5998801932105784,0.5899114609373178,0.5979918101241734,0.005431315032423289,112
20.93913245201111,2.0520290800748735,5.1619306087493895,0.42264461994352437,,20,5,100,char_wb,0.9,1,"(2, 4)","{'model__class_weight': None, 'model__max_depth': 20, 'model__min_samples_split': 5, 'model__n_estimators': 100, 'vec__analyzer': 'char_wb', 'vec__max_df': 0.9, 'vec__min_df': 1, 'vec__ngram_range': (2, 4)}",0.6204259967231022,0.6125978518113964,0.6162388494447478,0.6272760378732702,0.6067006554989075,0.6166478782702848,0.006967771743552947,113,0.586534735240881,0.5787573599712328,0.5816909317310567,0.5948107571500888,0.5730026537224481,0.5829592875631414,0.007370761655468966,113,0.5937584577879017,0.5824405451051649,0.5885593326351637,0.6012245843119992,0.5787265813548222,0.5889419002390104,0.008010371665686664,113
19.222539854049682,3.163891799113641,7.020659637451172,2.1587090202343537,,20,5,200,char_wb,0.9,1,"(2, 4)","{'model__class_weight': None, 'model__max_depth': 20, 'model__min_samples_split': 5, 'model__n_estimators': 200, 'vec__analyzer': 'char_wb', 'vec__max_df': 0.9, 'vec__min_df': 1, 'vec__ngram_range': (2, 4)}",0.6171490988530858,0.614418350628072,0.6186054979064264,0.622177713037145,0.6081573197378004,0.6161015960325059,0.00469533439800781,114,0.5823883740799741,0.5802014816465683,0.584046389913696,0.5881219103584142,0.5743112465477505,0.5818138805092806,0.0045605861056297005,114,0.5894744107801282,0.584576656036843,0.5907285240384431,0.594588579560023,0.5808884654112664,0.5880513271653407,0.004802252531947934,114
15.109810400009156,0.9861056197763886,3.783154535293579,0.8350896540961914,,20,5,100,char_wb,1.0,1,"(2, 4)","{'model__class_weight': None, 'model__max_depth': 20, 'model__min_samples_split': 5, 'model__n_estimators': 100, 'vec__analyzer': 'char_wb', 'vec__max_df': 1.0, 'vec__min_df': 1, 'vec__ngram_range': (2, 4)}",0.6171490988530858,0.6136901511014018,0.6173311487347534,0.6150764748725419,0.6156227239621267,0.6157739195047819,0.001354065063485758,115,0.5823979329264241,0.5796118645829629,0.583723028896577,0.5812800306373571,0.5819501985311755,0.5817926111148993,0.001351751107534506,115,0.5884140577028519,0.5845544036567281,0.5900456575740803,0.587289112652427,0.5888795197894545,0.5878365502751084,0.0018640616765868017,115
33.69727802276611,2.330757237835276,10.361267471313477,1.0770044179193947,,20,2,200,char_wb,1.0,1,"(2, 4)","{'model__class_weight': None, 'model__max_depth': 20, 'model__min_samples_split': 2, 'model__n_estimators': 200, 'vec__analyzer': 'char_wb', 'vec__max_df': 1.0, 'vec__min_df': 1, 'vec__ngram_range': (2, 4)}",0.614418350628072,0.6122337520480612,0.6193336974330966,0.6192643845593591,0.6090677348871085,0.6148635839111395,0.004001376649562684,116,0.5793106076391704,0.5785539470510569,0.5852953581207859,0.58519939304001,0.574470287966432,0.5805659187634911,0.004162144435505001,116,0.5860054327579068,0.5839952346782948,0.5922885615201784,0.5901343856741951,0.5797598486059085,0.5864366926472967,0.004441717043806267,116
96.82794466018677,11.40019351280504,15.30690975189209,4.7265053385687485,,20,2,100,char_wb,0.9,1,"(2, 4)","{'model__class_weight': None, 'model__max_depth': 20, 'model__min_samples_split': 2, 'model__n_estimators': 100, 'vec__analyzer': 'char_wb', 'vec__max_df': 0.9, 'vec__min_df': 1, 'vec__ngram_range': (2, 4)}",0.6142363007464046,0.6186054979064264,0.6180593482614236,0.6159868900218499,0.6043335761107065,0.6142443226093622,0.005192952385600613,119,0.5793509735584047,0.5851189238472475,0.5834754147841331,0.5820307813881079,0.5700888036363615,0.580012979442851,0.00531146248547014,118,0.5845345887719912,0.5906009763753758,0.589604113177677,0.5881346006633837,0.575961148338332,0.585767085465352,0.005317327566480865,117
22.6883056640625,1.8775775407400817,6.3019310474395756,2.9878940292485683,,20,5,200,char_wb,1.0,1,"(2, 4)","{'model__class_weight': None, 'model__max_depth': 20, 'model__min_samples_split': 5, 'model__n_estimators': 200, 'vec__analyzer': 'char_wb', 'vec__max_df': 1.0, 'vec__min_df': 1, 'vec__ngram_range': (2, 4)}",0.6176952484980884,0.6136901511014018,0.6182413981430912,0.6176256372906045,0.6067006554989075,0.6147906181064188,0.004359830661125972,117,0.5821741295624039,0.5793539871574553,0.5837308415430865,0.5836384301679932,0.5715323121492787,0.5800859401160435,0.0045599634576027025,117,0.5877840917228587,0.5833872445241567,0.5908356394833126,0.5902756919985566,0.5765286503450061,0.5857622636147781,0.0053122179374358505,118
17.442462778091432,1.1658752969816797,5.500924205780029,0.7135279010797425,,20,2,100,char_wb,1.0,1,"(2, 4)","{'model__class_weight': None, 'model__max_depth': 20, 'model__min_samples_split': 2, 'model__n_estimators': 100, 'vec__analyzer': 'char_wb', 'vec__max_df': 1.0, 'vec__min_df': 1, 'vec__ngram_range': (2, 4)}",0.611869652284726,0.6056799563080284,0.62133624613144,0.625455207574654,0.60360524399126,0.6135892612580217,0.008555830961562934,120,0.5761443527882486,0.570890752104625,0.5867031757552678,0.592694440894955,0.5695406059159273,0.5791946654918048,0.009056289678868288,119,0.5808310859739655,0.5750929745804338,0.5937592159945346,0.600889834248809,0.575113581992751,0.5851373385580988,0.010415245035334385,119
21.758223438262938,1.888579171840638,6.28118052482605,0.6616454288360626,,20,2,200,char_wb,0.9,1,"(2, 4)","{'model__class_weight': None, 'model__max_depth': 20, 'model__min_samples_split': 2, 'model__n_estimators': 200, 'vec__analyzer': 'char_wb', 'vec__max_df': 0.9, 'vec__min_df': 1, 'vec__ngram_range': (2, 4)}",0.6107773529947206,0.6125978518113964,0.6147824503914072,0.619810633648944,0.6068827385287692,0.6129702054750474,0.004291391203617996,121,0.5747884031581132,0.5786470269129228,0.5807823908338496,0.5861582869294951,0.572848254981931,0.5786448725632625,0.004679605028078346,121,0.5811791844561693,0.5836174327883077,0.588117948340602,0.5918195653931771,0.578717890051481,0.5846904042059474,0.004727025600694656,120
26.48541235923767,4.777196160156429,9.09792423248291,1.454210834918849,,20,2,200,char_wb,0.9,1,"(3, 5)","{'model__class_weight': None, 'model__max_depth': 20, 'model__min_samples_split': 2, 'model__n_estimators': 200, 'vec__analyzer': 'char_wb', 'vec__max_df': 0.9, 'vec__min_df': 1, 'vec__ngram_range': (3, 5)}",0.6202439468414346,0.6156926997997452,0.614054250864737,0.6148943918426802,0.6068827385287692,0.6143536055754731,0.004305466549170575,118,0.5845560463813549,0.5803574179296723,0.5778061996431005,0.5791152982669692,0.572294928721664,0.5788259781885522,0.003973845762063025,120,0.5909217093912265,0.5839135534855848,0.5827221756788634,0.5839029712973961,0.578691786724741,0.5840304393155623,0.003942899412291438,121
18.61812801361084,1.7346240290325818,4.144074153900147,0.8588561507637623,,20,5,100,char_wb,0.9,1,"(3, 5)","{'model__class_weight': None, 'model__max_depth': 20, 'model__min_samples_split': 5, 'model__n_estimators': 100, 'vec__analyzer': 'char_wb', 'vec__max_df': 0.9, 'vec__min_df': 1, 'vec__ngram_range': (3, 5)}",0.6115055525213908,0.6098671035863826,0.6062261059530312,0.6199927166788055,0.6077931536780772,0.6110769264835374,0.0048052540033988985,124,0.5740901388117897,0.5750143935115033,0.5690634511933094,0.5862036313193125,0.5730947137116803,0.575493265709519,0.005727225882882702,123,0.579213232601259,0.5806162419599823,0.5750692493278149,0.5927603424695603,0.5782161609441426,0.5811750454605519,0.0060731511067989765,122
49.89099879264832,6.246911061012389,5.754732751846314,0.8416223086122475,,20,2,100,char_wb,0.9,1,"(3, 5)","{'model__class_weight': None, 'model__max_depth': 20, 'model__min_samples_split': 2, 'model__n_estimators': 100, 'vec__analyzer': 'char_wb', 'vec__max_df': 0.9, 'vec__min_df': 1, 'vec__ngram_range': (3, 5)}",0.614418350628072,0.6095030038230476,0.6138722009830694,0.6138018936635106,0.6057902403495994,0.6114771378894599,0.003347523202194953,123,0.577223456056493,0.5733868311902994,0.5791785859938449,0.578887569504536,0.5709662644109945,0.5759285414312336,0.0032273805123884574,122,0.5810413806299132,0.5782810821191378,0.5860866577659939,0.5840643399462441,0.5759438221197973,0.5810834565162173,0.003692928462335891,123
19.533854675292968,4.508741546000267,3.5139928817749024,1.2672117313324007,,20,5,200,char_wb,1.0,1,"(3, 5)","{'model__class_weight': None, 'model__max_depth': 20, 'model__min_samples_split': 5, 'model__n_estimators': 200, 'vec__analyzer': 'char_wb', 'vec__max_df': 1.0, 'vec__min_df': 1, 'vec__ngram_range': (3, 5)}",0.6067722555980338,0.6162388494447478,0.6120517021663936,0.6234522942461762,0.5999635833940277,0.6116957369698758,0.008010834132817416,122,0.5685107427759651,0.5814054322724843,0.575125546259736,0.588812640997731,0.5633855051592841,0.5754479734930401,0.009031477445748164,124,0.5728027335785592,0.5848739100620021,0.5790560522093355,0.5949460069300191,0.565885059499605,0.5795127524559042,0.009978720341816561,124
23.488356590270996,4.698929085564234,9.785650539398194,1.2888411974806884,,20,5,200,char_wb,0.9,1,"(3, 5)","{'model__class_weight': None, 'model__max_depth': 20, 'model__min_samples_split': 5, 'model__n_estimators': 200, 'vec__analyzer': 'char_wb', 'vec__max_df': 0.9, 'vec__min_df': 1, 'vec__ngram_range': (3, 5)}",0.6175131986164208,0.6078645548880394,0.6102312033497178,0.6132556445739257,0.5994173343044428,0.6096563871465092,0.006050841596259824,125,0.5810776728789991,0.5713743109696866,0.5735256622429054,0.5778920956298849,0.5638338987953384,0.5735407281033629,0.005910263298605589,125,0.5864776337641225,0.5730432314616118,0.5789504385776723,0.5825404332326195,0.5697134946601106,0.5781450463392274,0.006107694729715104,125
27.07868971824646,6.383945521693657,9.279715204238892,0.8751668411999292,,20,2,200,char_wb,1.0,1,"(3, 5)","{'model__class_weight': None, 'model__max_depth': 20, 'model__min_samples_split': 2, 'model__n_estimators': 200, 'vec__analyzer': 'char_wb', 'vec__max_df': 1.0, 'vec__min_df': 1, 'vec__ngram_range': (3, 5)}",0.6100491534680502,0.6146004005097396,0.6127799016930638,0.6103423160961399,0.5999635833940277,0.6095470710322043,0.0050737573786199955,126,0.57225649687532,0.5795688145399128,0.5766844775583938,0.5745726779145802,0.563656842705686,0.5733478619187786,0.005411845539390559,126,0.5759817848082224,0.5852085890335228,0.5828965221669692,0.578308506447693,0.5682334021834617,0.5781257609279737,0.005923097294987169,126
14.74312801361084,0.722535502636259,5.105544805526733,1.4071565839499045,,20,5,100,char_wb,1.0,1,"(3, 5)","{'model__class_weight': None, 'model__max_depth': 20, 'model__min_samples_split': 5, 'model__n_estimators': 100, 'vec__analyzer': 'char_wb', 'vec__max_df': 1.0, 'vec__min_df': 1, 'vec__ngram_range': (3, 5)}",0.6156926997997452,0.6016748589113418,0.6175131986164208,0.6023306627822287,0.6063364894391843,0.6087095819097842,0.00666448958821591,127,0.5792223854333143,0.5653078580824246,0.5817770554075282,0.564520313363501,0.571914269600645,0.5725483763774826,0.007028341281680746,127,0.5851334233380183,0.5662693314097602,0.5882280749919969,0.5671137745890245,0.5762238349213908,0.5765936878500382,0.008998710228746388,127
18.33939414024353,1.3238440539717924,4.688531684875488,0.8024587055724327,,20,2,100,char_wb,1.0,1,"(3, 5)","{'model__class_weight': None, 'model__max_depth': 20, 'model__min_samples_split': 2, 'model__n_estimators': 100, 'vec__analyzer': 'char_wb', 'vec__max_df': 1.0, 'vec__min_df': 1, 'vec__ngram_range': (3, 5)}",0.6027671582013472,0.6089568541780448,0.6100491534680502,0.6170793882010197,0.6019664967225055,0.6081638101541935,0.005499118405974921,128,0.5637232461872582,0.5732190191727764,0.5730302134843596,0.5817334610393736,0.5666457530210743,0.5716703385809685,0.006227629444725137,128,0.5652223639440511,0.5734036798137008,0.5767916734510015,0.5879424953025235,0.5722069884093448,0.5751134401841244,0.00743781222886553,128
